part_number,part_name,stock_on_hand,reorder_point,reorder_quantity,backorder_flag,failure_count,criticality_level,unit_cost,lead_time_days,supplier_id
UNKNOWN,BULB,3,1,6,False,24,AOG-critical,95073,61,S4
UNKNOWN,FLASHLIGHT,5,2,10,False,203,Medium,265,35,S6
UNKNOWN,LOCK,5,2,10,False,18,Medium,43704,34,S2
BAC1496444,TRANSITION PANEL,3,1,6,False,8,Medium,12592,31,S2
UNKNOWN,ACCESS PANEL,5,2,10,False,51,Low,6123,27,S6
UNKNOWN,SIGN,3,1,6,False,71,AOG-critical,92721,70,S4
767,BULB,3,1,6,False,8,AOG-critical,39431,59,S3
1048462073NG08,LIGHT,3,1,6,False,4,AOG-critical,969,60,S4
UNKNOWN,FITTING,5,2,10,False,28,Medium,30278,66,S1
UNKNOWN,DOOR LATCH,5,2,10,False,19,Medium,11173,67,S1
DBF13251,RETAINER,1,0,2,False,1,Medium,10829,28,S4
2020201,PROBE,1,0,2,False,1,Low,7422,29,S5
313A27521,FAIRING,3,1,6,False,1,Low,24572,56,S4
UNKNOWN,GROUND WIRE,3,1,6,False,2,AOG-critical,27473,63,S2
UNKNOWN,LIGHT,5,2,10,False,183,AOG-critical,807,68,S2
UNKNOWN,WARNING HORN,3,1,6,False,4,AOG-critical,43280,71,S1
UNKNOWN,GIRT BAR,5,2,10,False,139,Medium,4134,36,S5
UNKNOWN,OVEN,5,2,10,False,19,Medium,14693,35,S3
141A481053,SLIDING WINDOW,1,0,2,False,1,Low,1841,41,S3
UNKNOWN,FAIRING,5,2,10,False,15,Low,6730,59,S3
UNKNOWN,SEAL,5,2,10,False,45,Low,5867,12,S5
UNKNOWN,BATTERY PACK,5,2,10,False,184,AOG-critical,4127,46,S4
UNKNOWN,STRIP,5,2,10,False,13,Medium,19669,71,S8
UNKNOWN,GUIDE ARM,5,2,10,False,13,Medium,46553,42,S7
ADB21506,FUSE,3,1,6,False,2,AOG-critical,67112,88,S5
UNKNOWN,BRACKET,5,2,10,False,42,Low,21242,50,S8
UNKNOWN,SKIN,5,2,10,False,211,Low,11086,28,S7
UNKNOWN,FLOORBEAM,5,2,10,False,157,Medium,7436,35,S8
143A524064,FLOORBEAM,1,0,2,False,2,Medium,12856,30,S3
UNKNOWN,VAPOR BARRIER,5,2,10,False,45,Medium,37920,68,S7
UNKNOWN,SIGHT GLASS,3,1,6,False,3,Medium,6918,36,S5
UNKNOWN,FRAME SPLICE,1,0,2,False,1,Medium,7995,34,S2
UNKNOWN,ANTENNA,3,1,6,False,3,AOG-critical,46711,69,S6
UNKNOWN,ANGLE,5,2,10,False,118,Medium,37757,53,S8
UNKNOWN,PSEU,3,1,6,False,3,AOG-critical,13287,34,S5
UNKNOWN,RETAINER,5,2,10,False,22,Medium,19508,40,S5
147A566022,FLOOR SUPPORT,3,1,6,False,8,Medium,23573,57,S2
TC29603ACS,PROBE,3,1,6,False,3,Low,7759,52,S8
143A7501188,TRANSITION PANEL,5,2,10,False,28,Medium,21002,45,S5
SET3401613030,BLADE,1,0,2,False,1,Low,1120,37,S5
UNKNOWN,FIRE WARNING,1,0,2,False,2,Medium,3584,33,S6
UNKNOWN,LENS,3,1,6,False,62,AOG-critical,94047,79,S5
2024T3,SKIN,3,1,6,False,2,Medium,23325,51,S3
UNKNOWN,CARGO TRACK,5,2,10,False,18,Medium,12463,55,S4
143A524035SD,FLOORBEAM,3,1,6,False,8,Medium,6105,62,S7
UNKNOWN,HOOK,3,1,6,False,6,Medium,18557,26,S6
UNKNOWN,OIL SYSTEM,5,2,10,False,10,Low,4313,57,S1
212A26114,DUCT,1,0,2,False,1,Low,6298,20,S2
BR964421,LIGHT,3,1,6,False,1,AOG-critical,1259,88,S2
UNKNOWN,SLIDE,5,2,10,False,120,Medium,38598,39,S4
UNKNOWN,BLEED VALVE,3,1,6,False,1,Low,13695,57,S3
116A44111,CAP,1,0,2,False,1,Low,6784,42,S8
UNKNOWN,FUEL TANK,3,1,6,False,2,Low,11828,49,S3
UNKNOWN,POWER SUPPLY,5,2,10,False,25,AOG-critical,7685,52,S8
5A33079,SLIDE,3,1,6,False,3,Medium,33989,21,S4
UNKNOWN,ANGLE,5,2,10,False,118,Low,5121,13,S4
UNKNOWN,CAM,1,0,2,False,2,Medium,3704,26,S6
UNKNOWN,SCREW,3,1,6,False,9,Medium,38726,48,S6
UNKNOWN,HANDLE,5,2,10,False,67,Medium,28840,72,S8
UNKNOWN,OIL SYSTEM,5,2,10,False,10,Low,11408,39,S6
146A81234,INTERCOSTAL,1,0,2,False,1,Medium,40508,43,S1
147A750117,TRANSITION PANEL,3,1,6,False,1,Medium,43215,53,S6
143A948535,RAIL,1,0,2,False,1,Medium,15644,41,S2
5A3307701,SLIDE,5,2,10,False,33,Medium,44925,23,S6
654A00041596,FRAME,1,0,2,False,1,Medium,10900,31,S5
UNKNOWN,ATTACH ANGLE,5,2,10,False,52,Medium,43978,67,S6
UNKNOWN,DOOR SEAL,3,1,6,False,2,Medium,12905,66,S3
UNKNOWN,TORQUE BOX,1,0,2,False,2,Low,7623,12,S3
UNKNOWN,POTABLE WATER,1,0,2,False,2,Low,11968,33,S8
UNKNOWN,ANTENNA,3,1,6,False,3,AOG-critical,96301,66,S7
UNKNOWN,TRANSITION PANEL,5,2,10,False,37,Medium,5369,69,S1
UNKNOWN,INJECTOR,1,0,2,False,1,Low,5571,15,S7
UNKNOWN,STOP,3,1,6,False,3,Medium,12600,32,S6
147A55056,FLOORBEAM,3,1,6,False,1,Medium,23416,62,S2
UNKNOWN,DOOR,5,2,10,False,186,Medium,26578,70,S7
UNKNOWN,UNKNOWN,5,2,10,False,58,Low,12152,30,S7
UNKNOWN,INTERCOSTAL,5,2,10,False,44,Medium,41987,47,S2
UNKNOWN,HANDLE,5,2,10,False,67,Medium,19246,74,S4
UNKNOWN,ELEC CONNECTOR,5,2,10,False,41,Low,3047,11,S1
147A57101,ANGLE,3,1,6,False,1,Medium,13057,67,S7
143A751024,BAFFLE,1,0,2,False,1,Medium,28993,36,S8
UNKNOWN,FRAME,5,2,10,False,57,Medium,33886,46,S6
UNKNOWN,SILL DRAIN,5,2,10,False,14,Medium,29897,45,S4
143A751023,BAFFLE,3,1,6,False,2,Medium,26239,72,S5
UNKNOWN,SKIN,5,2,10,False,211,Medium,35276,59,S7
UNKNOWN,STRIP,5,2,10,False,13,Medium,5828,44,S6
147A85407,ANGLE,3,1,6,False,3,Medium,5755,59,S8
147A5660U22,FLOOR SUPPORT,3,1,6,False,7,Medium,26939,37,S6
UNKNOWN,HARNESS,1,0,2,False,1,Medium,19542,23,S5
147A571234,WEB,3,1,6,False,2,Medium,11375,74,S3
UNKNOWN,FLOOR SUPPORT,5,2,10,False,110,Medium,13023,58,S1
UNKNOWN,WINDOW FRAME,5,2,10,False,49,Medium,37185,48,S8
UNKNOWN,ANTI-SKID SYS,3,1,6,False,4,AOG-critical,44956,47,S4
UNKNOWN,STRAP,5,2,10,False,10,Medium,16583,62,S7
UNKNOWN,SLIDING WINDOW,3,1,6,False,6,Low,10728,14,S3
UNKNOWN,UNKNOWN,5,2,10,False,58,Low,6938,10,S1
ECEL204501,LIGHT,3,1,6,False,4,AOG-critical,538,89,S6
UNKNOWN,FASTENER,3,1,6,False,8,Low,6799,29,S1
UNKNOWN,SEAT TRACK,5,2,10,False,57,Medium,39159,48,S1
147A85407,ANGLE,3,1,6,False,3,Medium,43518,40,S8
UNKNOWN,SKIN,5,2,10,False,211,Low,8046,42,S5
DBF19721,WEB,1,0,2,False,2,Medium,47628,31,S2
143A5410174,ANGLE,3,1,6,False,4,Medium,26707,71,S3
UNKNOWN,MEGAPHONE,5,2,10,False,29,Medium,9228,20,S3
UNKNOWN,LINER,3,1,6,False,9,Medium,30359,41,S5
UNKNOWN,A/C PACK,3,1,6,False,9,Low,697,7,S1
147A34004,SKIN PANEL,3,1,6,False,5,Medium,40399,30,S8
90004213,SENSOR,3,1,6,False,3,AOG-critical,6914,38,S5
UNKNOWN,SHIM,3,1,6,False,6,Low,21688,62,S6
UNKNOWN,SEAT,3,1,6,False,9,Medium,3658,36,S4
UNKNOWN,SUPPORT ANGLE,5,2,10,False,39,Medium,11521,73,S1
UNKNOWN,BRACKET,5,2,10,False,42,Low,5763,31,S6
141A57506,FLOOR SUPPORT,3,1,6,False,1,Medium,28446,74,S6
141A5410U1329,FLOOR SUPPORT,3,1,6,False,1,Medium,23121,71,S8
14A8540U7,CREASE BEAM,3,1,6,False,1,Medium,24638,74,S3
UNKNOWN,WARNING MESSAGE,3,1,6,False,7,Low,3089,42,S1
147A567613,FLOOR SUPPORT,3,1,6,False,1,Medium,25572,64,S8
147A571235,WEB,3,1,6,False,5,Medium,42113,44,S3
SG81911,GLOWSTRIP,1,0,2,False,1,Medium,6670,21,S4
GE767,BULB,3,1,6,False,1,AOG-critical,69271,71,S3
UNKNOWN,AUTOBRAKE SYS,5,2,10,False,12,AOG-critical,49005,54,S3
UNKNOWN,PANEL,5,2,10,False,46,Low,14275,51,S8
UNKNOWN,FITTING,5,2,10,False,28,Medium,17757,44,S5
UNKNOWN,FITTING,5,2,10,False,28,Medium,18034,65,S6
143A524063,FLOORBEAM,3,1,6,False,2,Medium,16658,64,S3
UNKNOWN,ENGINE,5,2,10,False,29,Low,1087,49,S8
ADD71701100,BATTERY PACK,5,2,10,False,53,AOG-critical,2609,63,S8
143A524036,FLOORBEAM,3,1,6,False,7,Medium,6950,33,S8
UNKNOWN,TRIM PANEL,3,1,6,False,9,Medium,16331,53,S1
143A7502U155,ANGLE,3,1,6,False,2,Medium,27857,62,S2
141A5410U148,FLOOR SUPPORT,1,0,2,False,2,Medium,31725,32,S1
AMC02PA03R,ELEC CONNECTOR,3,1,6,False,3,AOG-critical,23159,80,S7
UNKNOWN,CONTROL MODULE,3,1,6,False,3,Low,2640,7,S3
51090412001,CONTROL UNIT,1,0,2,False,1,Low,9076,37,S3
UNKNOWN,FRAME,5,2,10,False,57,Low,12388,10,S5
UNKNOWN,AIR FILTER,5,2,10,False,10,Low,4367,12,S1
UNKNOWN,TUBE,3,1,6,False,9,Medium,7435,43,S3
143A61124,SKIN,3,1,6,False,1,Medium,23039,63,S4
UNKNOWN,TIE CLIP,3,1,6,False,4,Medium,8599,67,S5
UNKNOWN,LOCKING CAM,5,2,10,False,13,Medium,11049,30,S4
UNKNOWN,STRINGER,5,2,10,False,30,Medium,40358,50,S4
143A751021,BAFFLE,3,1,6,False,6,Medium,6940,72,S2
143A12638,TRANSITION PANEL,3,1,6,False,1,Medium,24228,67,S2
143A5410170,ANGLE,3,1,6,False,4,Medium,37269,50,S3
115E6582G1,KNOB,1,0,2,False,1,Low,13617,14,S3
141A52202,TIE DOWN,3,1,6,False,3,Medium,12719,25,S5
143A750311,BAFFLE,1,0,2,False,1,Medium,11054,43,S6
UNKNOWN,SLIDE,5,2,10,False,120,Low,42136,47,S1
UNKNOWN,BUSTLE,3,1,6,False,4,Medium,12751,20,S6
UNKNOWN,A/C PACK,3,1,6,False,9,Low,6753,12,S3
112A4102207,SKIN,1,0,2,False,2,Low,2385,45,S6
141A4810107CAL,WINDOW,1,0,2,False,1,Low,10715,29,S1
111A13229,ANGLE,3,1,6,False,4,Medium,37623,35,S3
UNKNOWN,PRESSURE SWITCH,3,1,6,False,5,Low,10925,12,S3
UNKNOWN,DOOR,5,2,10,False,186,Medium,40810,38,S8
D71702001,POWER SUPPLY,5,2,10,False,23,AOG-critical,2101,67,S6
UNKNOWN,SKIN,5,2,10,False,211,Low,10283,47,S2
UNKNOWN,INTERCOSTAL,5,2,10,False,44,Medium,29106,31,S8
UNKNOWN,ELEC CONNECTOR,3,1,6,False,41,AOG-critical,95000,78,S7
UNKNOWN,DUCT,3,1,6,False,4,Low,7654,7,S2
1400252,TRANSDUCER,3,1,6,False,2,AOG-critical,99120,82,S4
UNKNOWN,THRESHOLD,3,1,6,False,6,Medium,47942,59,S2
UNKNOWN,STRUCTURE,5,2,10,False,11,Medium,13311,64,S4
147A5676√è5,SUPPORT,3,1,6,False,1,Medium,9774,68,S4
146A313110,SKIN,1,0,2,False,2,Medium,21197,42,S3
UNKNOWN,SCREW,3,1,6,False,9,Low,9239,38,S3
32145526,SHUTOFF VALVE,1,0,2,False,2,Low,13631,22,S1
UNKNOWN,FUSE,3,1,6,False,5,AOG-critical,62018,52,S8
175A12057,RIB,1,0,2,False,1,Low,14778,29,S3
UNKNOWN,TAB,3,1,6,False,3,Low,13287,58,S7
111A132210,ANGLE,3,1,6,False,3,Medium,46183,45,S5
UNKNOWN,BATTERY,5,2,10,False,58,Medium,2096,20,S5
UNKNOWN,BRACKET,5,2,10,False,42,Medium,5442,37,S3
UNKNOWN,WIRE,5,2,10,False,16,AOG-critical,35636,49,S5
147A55048,FLOORBEAM,3,1,6,False,6,Medium,18891,53,S1
UNKNOWN,LIGHT,5,2,10,False,183,AOG-critical,1333,83,S4
9701140001,LIGHT,3,1,6,False,2,AOG-critical,331,70,S3
142219,ANTI-SKID SYS,3,1,6,False,1,AOG-critical,34438,65,S2
254A115013,SWITCHPACK,3,1,6,False,2,AOG-critical,11812,63,S1
147A550429,FLOORBEAM,3,1,6,False,5,Medium,12750,57,S1
146A61121,SKIN,3,1,6,False,1,Medium,6443,73,S1
UNKNOWN,TRANSMISSION,3,1,6,False,2,AOG-critical,11902,41,S5
654A0004106,ANGLE,1,0,2,False,1,Medium,38780,44,S8
UNKNOWN,DOUBLER,5,2,10,False,15,Medium,29982,32,S6
189929,PROXIMITY SENSOR,3,1,6,False,3,AOG-critical,3999,44,S6
P2070015002,FLASHLIGHT,3,1,6,False,8,Medium,985,42,S6
147A56765,FLOOR SUPPORT,3,1,6,False,1,Medium,24819,67,S8
147A85408,DOOR SILL,3,1,6,False,3,Medium,10074,48,S6
UNKNOWN,FLOOR PANEL,5,2,10,False,121,Medium,13325,56,S6
UNKNOWN,COVER,3,1,6,False,52,AOG-critical,94388,48,S1
UNKNOWN,SCUFF PLATE,5,2,10,False,15,Medium,22117,68,S8
UNKNOWN,PRESSURE SWITCH,3,1,6,False,5,Low,12304,59,S6
767,LIGHT,3,1,6,False,1,AOG-critical,533,66,S8
767,LAMP,5,2,10,False,11,AOG-critical,838,85,S6
UNKNOWN,SHIM,3,1,6,False,6,Medium,32381,43,S3
411A68809B,COVER,1,0,2,False,1,Medium,6645,38,S5
116A44112,CAP,1,0,2,False,1,Low,8684,32,S4
UNKNOWN,PIN,3,1,6,False,9,Medium,15409,27,S5
UNKNOWN,RETAINER,5,2,10,False,22,Medium,32781,36,S2
90955002,MODULE,1,0,2,False,2,Medium,12157,27,S4
2020201,COMPENSATOR,3,1,6,False,7,Low,6636,46,S4
UNKNOWN,LATCH,5,2,10,False,15,Medium,26963,64,S4
UNKNOWN,FUEL SYS,3,1,6,False,7,Low,5213,15,S3
143A7502154,ANGLE,3,1,6,False,4,Medium,29486,53,S7
UNKNOWN,MECHANISM,3,1,6,False,6,Medium,6771,40,S5
5A3307701,LINER,1,0,2,False,1,Medium,13287,41,S4
UNKNOWN,AUTOBRAKE SYS,5,2,10,False,12,Low,7832,10,S1
UNKNOWN,INDICATOR,5,2,10,False,11,Low,14655,33,S3
UNKNOWN,LAMP,5,2,10,False,67,AOG-critical,265,79,S5
UNKNOWN,DOOR FRAME,3,1,6,False,8,Medium,46929,42,S3
147A56762,FLOORBEAM,3,1,6,False,1,Medium,8074,50,S8
141A851228,WEB,1,0,2,False,2,Medium,46323,35,S1
UNKNOWN,SUPPORT BRACKET,5,2,10,False,14,Medium,9716,41,S7
143A524036SD,FLOORBEAM,3,1,6,False,6,Medium,20138,73,S7
UNKNOWN,PRESSURE SWITCH,3,1,6,False,5,AOG-critical,82853,89,S1
241298002011,MONITOR,1,0,2,False,1,Low,8231,44,S4
UNKNOWN,PSEU,3,1,6,False,3,AOG-critical,28039,55,S6
UNKNOWN,O-RING,3,1,6,False,3,Low,6142,31,S4
UNKNOWN,TRIM SWITCH,1,0,2,False,1,Low,6784,12,S1
UNKNOWN,FASTENER,3,1,6,False,8,Low,4146,45,S1
UNKNOWN,PRESSURE WEB,1,0,2,False,1,Medium,9248,41,S5
UNKNOWN,FIRE DETECTOR,3,1,6,False,3,Medium,10351,24,S3
2073771008,LENS,3,1,6,False,5,AOG-critical,36417,86,S7
6411211SD,OVERHEAT SENSOR,1,0,2,False,1,Medium,6895,35,S6
UNKNOWN,WIRE HARNESS,3,1,6,False,2,AOG-critical,43833,48,S4
146A325132,SKIN PANEL,3,1,6,False,2,Medium,21070,72,S8
141A541011,FLOOR SUPPORT,3,1,6,False,1,Medium,41677,65,S1
147A550611,FLOORBEAM,3,1,6,False,5,Medium,19325,42,S1
UNKNOWN,SHIM,3,1,6,False,6,Low,14694,27,S2
D71702030,CHARGER,3,1,6,False,2,AOG-critical,85490,70,S4
UNKNOWN,DOOR,5,2,10,False,186,Medium,12171,54,S5
UNKNOWN,ANGLE,5,2,10,False,118,Medium,29662,67,S3
UNKNOWN,SKIN,5,2,10,False,211,Low,11884,31,S6
UNKNOWN,LOCK FASTENER,3,1,6,False,1,Low,1770,50,S6
UNKNOWN,BOTTLE,3,1,6,False,5,Medium,7043,39,S4
EM91795,SHUTOFF VALVE,3,1,6,False,1,AOG-critical,47749,79,S7
UNKNOWN,ATTACH FITTING,3,1,6,False,2,Medium,29595,50,S7
CFM567B,OIL SYSTEM,3,1,6,False,1,Low,3998,59,S1
849589,PUMP,3,1,6,False,3,Low,5747,28,S5
UNKNOWN,THRESHOLD WEB,1,0,2,False,2,Medium,38695,43,S7
143A751022,BAFFLE,3,1,6,False,4,Medium,33313,66,S4
UNKNOWN,BRACKET,5,2,10,False,42,Low,14949,44,S1
141A88319,WINDOW FRAME,1,0,2,False,1,Medium,11096,44,S4
UNKNOWN,LUG,3,1,6,False,8,Low,2506,11,S6
147A5660Y21,FLOOR SUPPORT,3,1,6,False,7,Medium,14008,69,S3
143A7501U187,TRANSITION PANEL,5,2,10,False,31,Medium,45371,38,S7
63023,SWITCH,3,1,6,False,4,Medium,44283,74,S6
UNKNOWN,STRUCTURE,5,2,10,False,11,Medium,46226,56,S1
UNKNOWN,SMOKE DETECTOR,5,2,10,False,10,Medium,17168,31,S5
UNKNOWN,ACCESS DOOR,3,1,6,False,4,Medium,46812,66,S5
6228145,CONTROLLER,1,0,2,False,1,Low,6823,11,S1
UNKNOWN,SUPPORT ANGLE,5,2,10,False,39,Low,4726,21,S7
143A5410170,FLOOR SUPPORT,3,1,6,False,8,Medium,12154,51,S8
654A000358,WEB,1,0,2,False,2,Medium,19919,30,S2
UNKNOWN,SUPPORT BRACKET,5,2,10,False,14,Low,9402,55,S1
654A0004106,DOOR SILL,3,1,6,False,1,Medium,30786,51,S1
UNKNOWN,BULKHEAD,3,1,6,False,3,Medium,18845,73,S7
UNKNOWN,HINGE PIN,3,1,6,False,1,Medium,24242,63,S7
UNKNOWN,CIRCUIT BREAKER,5,2,10,False,16,AOG-critical,35485,63,S7
UNKNOWN,CIRCUIT BREAKER,5,2,10,False,16,AOG-critical,15496,83,S6
182A40014,SKIN,3,1,6,False,3,Low,9759,35,S6
142147,CONTROL UNIT,3,1,6,False,3,AOG-critical,14239,56,S8
UNKNOWN,SKIN,5,2,10,False,211,Low,1291,59,S7
UNKNOWN,WARNING MESSAGE,3,1,6,False,7,AOG-critical,57030,89,S3
UNKNOWN,COWL DOOR,3,1,6,False,3,Low,17490,53,S7
UNKNOWN,SKIN,5,2,10,False,211,Low,2273,16,S5
UNKNOWN,SUPPORT CHANNEL,3,1,6,False,8,Medium,35176,47,S3
6225135822,DRIVE ASSY,3,1,6,False,1,AOG-critical,46820,75,S4
254A115014,SWITCHPACK,3,1,6,False,2,AOG-critical,71584,60,S8
693732478,MODULE,1,0,2,False,1,Low,6980,8,S1
147A57102,WEB,3,1,6,False,1,Medium,11056,59,S2
UNKNOWN,HEATER,1,0,2,False,1,Low,1100,12,S1
UNKNOWN,WARNING SYSTEM,3,1,6,False,1,AOG-critical,56858,57,S7
32145525,VALVE,1,0,2,False,1,Low,4710,23,S6
30VG0750RG2,TUBE,3,1,6,False,9,Medium,7704,26,S4
182A4001,SKIN,5,2,10,False,12,Low,8515,15,S6
1317,BULB,3,1,6,False,1,AOG-critical,23202,54,S2
451014UF01,COFFEEMAKER,1,0,2,False,2,Medium,9664,34,S3
UNKNOWN,BATTERY,5,2,10,False,58,AOG-critical,2879,68,S2
146A59104,FLOORBEAM,1,0,2,False,1,Medium,15327,41,S8
UNKNOWN,STRINGER,5,2,10,False,30,Medium,23685,32,S1
UNKNOWN,COFFEEMAKER,3,1,6,False,8,Medium,11310,25,S5
UNKNOWN,BALLAST,3,1,6,False,4,AOG-critical,35482,65,S8
654A00041073,ANGLE,3,1,6,False,2,Medium,6752,48,S5
0861FL1,AOA,3,1,6,False,3,AOG-critical,81913,62,S1
UNKNOWN,PIN,3,1,6,False,9,Medium,8071,26,S3
147A56766,FLOOR SUPPORT,3,1,6,False,1,Medium,25658,52,S6
141A57503,FLOOR SUPPORT,3,1,6,False,1,Medium,5889,74,S6
141A52204,TIE DOWN,3,1,6,False,8,Medium,2533,35,S6
UNKNOWN,ARMREST,1,0,2,False,1,Medium,7548,24,S4
UNKNOWN,LANDING GEAR,3,1,6,False,7,AOG-critical,92084,72,S8
UNKNOWN,CAP,1,0,2,False,1,Medium,5016,42,S3
143A7502155,ANGLE,3,1,6,False,4,Medium,26119,57,S1
26123121,BRAKE ASSY,3,1,6,False,1,AOG-critical,65223,76,S4
UNKNOWN,HOOK,3,1,6,False,6,Medium,6019,32,S4
UNKNOWN,PLUG,3,1,6,False,1,AOG-critical,54189,74,S2
12D10212,DRAIN VALVE,1,0,2,False,1,Low,6863,29,S4
146A5660Y21,FLOOR SUPPORT,3,1,6,False,1,Medium,14690,46,S4
UNKNOWN,SKIRT,3,1,6,False,5,Medium,17968,32,S5
UNKNOWN,SENSOR,5,2,10,False,12,Medium,24892,48,S4
8220334005,ALTIMETER,3,1,6,False,1,AOG-critical,27726,81,S6
UNKNOWN,BATTERY PACK,5,2,10,False,184,Medium,2158,24,S6
143A61105,SKIN,1,0,2,False,1,Medium,46044,44,S8
147A576225,FLOOR SUPPORT,1,0,2,False,1,Medium,21838,32,S1
UNKNOWN,BEARING,3,1,6,False,5,Low,7831,13,S5
147A56603,FLOOR SUPPORT,3,1,6,False,6,Medium,31599,43,S4
8200048402,LENS,3,1,6,False,1,AOG-critical,80048,75,S7
1317,LAMP,3,1,6,False,2,AOG-critical,112,55,S4
UNKNOWN,TIRE,3,1,6,False,7,AOG-critical,29050,50,S3
115E6352G3,CONTROL UNIT,3,1,6,False,1,AOG-critical,15020,22,S4
UNKNOWN,FASTENER,3,1,6,False,8,Low,5662,39,S6
UNKNOWN,MOUNT,5,2,10,False,12,Medium,11141,57,S3
UNKNOWN,REPAIR,3,1,6,False,3,Medium,40053,35,S6
UNKNOWN,PUMP,5,2,10,False,17,Low,1002,39,S4
UNKNOWN,FLOORBOARD,3,1,6,False,7,Medium,23386,31,S2
UNKNOWN,ROLL PIN,1,0,2,False,1,Medium,10219,25,S3
UNKNOWN,ATTACH ANGLE,5,2,10,False,52,AOG-critical,6011,28,S5
UNKNOWN,WARNING MESSAGE,3,1,6,False,7,Low,1688,11,S3
146A320132,SKIN PANEL,3,1,6,False,1,Medium,41400,65,S7
143A948535,CARGO TRACK,3,1,6,False,3,Medium,7675,60,S6
UNKNOWN,DRAIN,3,1,6,False,5,Low,10728,45,S7
141A521413,FLOOR SUPPORT,3,1,6,False,1,Medium,10260,55,S6
UNKNOWN,FRAME,5,2,10,False,57,Medium,23973,41,S4
149A8118U29,BRACKET,1,0,2,False,1,Medium,49258,34,S3
141A5410U140,FLOOR SUPPORT,3,1,6,False,4,Medium,14086,53,S8
141A550425,FLOORBEAM,3,1,6,False,1,Medium,12090,51,S1
UNKNOWN,ATTACH BRACKET,1,0,2,False,2,Low,2829,37,S7
UNKNOWN,OIL TANK,1,0,2,False,1,Low,2633,27,S8
UNKNOWN,FLAP SYSTEM,5,2,10,False,13,AOG-critical,11943,40,S4
429352,CONTROL UNIT,3,1,6,False,2,AOG-critical,64769,67,S7
UNKNOWN,PLATE,5,2,10,False,47,Medium,28046,50,S8
143A524035,FLOORBEAM,3,1,6,False,5,Medium,11444,46,S3
UNKNOWN,SUPPORT,5,2,10,False,44,Medium,48692,64,S6
141A811220,ANGLE,3,1,6,False,1,Medium,38844,65,S5
UNKNOWN,APU,3,1,6,False,3,Low,6134,55,S6
C16786HA02,DISPLAY,3,1,6,False,1,AOG-critical,48222,49,S1
UNKNOWN,PRESSURE DECK,3,1,6,False,6,Medium,30067,33,S7
141A8800,SKIN,3,1,6,False,1,Medium,9746,74,S1
146A750252,TRANSITION PANEL,3,1,6,False,8,Medium,18908,72,S2
654A00041595,FRAME,3,1,6,False,1,Low,13495,57,S8
UNKNOWN,WINDOW FRAME,5,2,10,False,49,Medium,42175,32,S5
146A750231,TRANSITION PANEL,3,1,6,False,5,Medium,20823,63,S5
9651140002,LIGHT,3,1,6,False,1,AOG-critical,801,45,S7
141A372212,SKIN,3,1,6,False,4,Medium,19439,58,S8
UNKNOWN,FAN,3,1,6,False,3,Low,1555,13,S3
UNKNOWN,WEB,5,2,10,False,46,Medium,6067,72,S1
UNKNOWN,FUEL FILTER,3,1,6,False,7,Low,5411,54,S1
UNKNOWN,SKIN PANEL,3,1,6,False,8,Low,6464,12,S8
UNKNOWN,GPWS,3,1,6,False,1,AOG-critical,76265,63,S8
147A5762U13,PLUG,3,1,6,False,1,Medium,30490,57,S3
JA3A40181,STOP,1,0,2,False,1,Medium,5934,40,S6
UNKNOWN,ROD,3,1,6,False,4,Medium,21296,54,S7
UNKNOWN,WEB,5,2,10,False,46,Medium,11339,55,S1
147A34004,SKIN,5,2,10,False,12,Medium,7708,40,S8
143A7501187,TRANSITION PANEL,5,2,10,False,17,Medium,23233,38,S8
143A751020,BAFFLE,1,0,2,False,1,Medium,44590,45,S7
UNKNOWN,HINGE,5,2,10,False,13,Medium,8218,33,S5
UNKNOWN,FRAME,5,2,10,False,57,Low,11478,25,S2
UNKNOWN,DIAPHRAGM,1,0,2,False,2,Medium,12403,41,S3
141A541023,FLOOR SUPPORT,3,1,6,False,1,Medium,45367,51,S1
UNKNOWN,COMPENSATOR,3,1,6,False,4,Low,14611,59,S5
UNKNOWN,SKIN,5,2,10,False,211,Medium,14092,37,S8
285T08555,KEYPAD,3,1,6,False,1,Medium,10203,72,S7
6228782,SENSOR,1,0,2,False,1,Low,3864,10,S3
141A56901,FLOOR SUPPORT,3,1,6,False,5,Medium,35575,64,S6
BR964412,LENS,3,1,6,False,1,AOG-critical,37305,80,S1
UNKNOWN,ANGLE,5,2,10,False,118,Low,9008,46,S6
143A5410174,FLOOR SUPPORT,3,1,6,False,4,Medium,15117,39,S7
UNKNOWN,INTERFACE MODULE,3,1,6,False,2,AOG-critical,98914,53,S4
185A14116,RIB,1,0,2,False,1,Low,10720,15,S3
B131605211,O-RING,1,0,2,False,1,Low,1917,20,S2
UNKNOWN,ENGINE,5,2,10,False,29,Low,12465,50,S8
69141067,CYLINDER,3,1,6,False,1,AOG-critical,42169,57,S6
UNKNOWN,WIRE,5,2,10,False,16,Medium,16075,31,S3
143A7502158,ANGLE,3,1,6,False,1,Medium,8800,71,S8
143A751019,BAFFLE,3,1,6,False,1,Medium,32510,51,S8
UNKNOWN,FMC,3,1,6,False,1,AOG-critical,58131,57,S4
UNKNOWN,PROCESSOR,3,1,6,False,2,AOG-critical,54552,66,S4
8222127101,TRANSCEIVER,3,1,6,False,1,AOG-critical,43103,56,S8
UNKNOWN,ELEC CONNECTOR,5,2,10,False,41,AOG-critical,36175,54,S4
UNKNOWN,ROD,3,1,6,False,4,AOG-critical,19131,43,S4
UNKNOWN,LINER,3,1,6,False,9,Medium,12881,34,S4
UNKNOWN,TRANSDUCER,3,1,6,False,1,AOG-critical,22170,86,S1
0851HT1,PITOT TUBE,3,1,6,False,2,AOG-critical,99404,69,S2
182A53044,RIB,3,1,6,False,2,Low,1822,55,S5
UNKNOWN,BRACKET,5,2,10,False,42,Medium,16621,40,S6
112A4102626,SKIN,1,0,2,False,1,Low,9060,13,S1
146A81271,SHIELD,3,1,6,False,2,Medium,16710,71,S2
146A81276,SHIELD,3,1,6,False,1,Medium,31678,70,S2
141A3722,DOUBLER,1,0,2,False,1,Medium,29009,40,S3
182A400111,SKIN,3,1,6,False,3,Low,10229,56,S7
UNKNOWN,UNKNOWN,5,2,10,False,58,Low,13864,53,S5
UNKNOWN,STRINGER,5,2,10,False,30,Low,2941,35,S2
UNKNOWN,WIRE,5,2,10,False,16,Low,13232,43,S2
UNKNOWN,DOOR,5,2,10,False,186,Medium,11836,70,S2
UNKNOWN,STRAP,5,2,10,False,10,Medium,11067,51,S2
148A866718,BRACKET,3,1,6,False,1,Medium,49253,48,S6
233A3201313,MODULE,3,1,6,False,1,Low,8818,53,S5
UNKNOWN,BALLAST,3,1,6,False,4,AOG-critical,55010,48,S3
UNKNOWN,MOUNT,5,2,10,False,12,Medium,16379,40,S3
UNKNOWN,FUEL TANK,3,1,6,False,2,Low,6937,51,S5
UNKNOWN,ROLLER,3,1,6,False,6,Medium,45838,33,S3
UNKNOWN,SPLICE PLATE,3,1,6,False,1,Medium,34494,61,S6
UNKNOWN,BUSHING,3,1,6,False,31,AOG-critical,99633,53,S7
UNKNOWN,WINDOW,5,2,10,False,12,Low,5137,58,S5
UNKNOWN,SHROUD,3,1,6,False,3,Medium,44211,50,S2
147A566021,FLOOR SUPPORT,3,1,6,False,8,Medium,29044,50,S8
8200048703,LIGHT,3,1,6,False,1,AOG-critical,1108,67,S1
UNKNOWN,LIGHT,5,2,10,False,183,AOG-critical,836,53,S6
UNKNOWN,LAVATORY,1,0,2,False,2,Low,6649,29,S5
182A40012,SKIN,1,0,2,False,1,Low,11399,38,S4
147A5762,FLOOR SUPPORT,3,1,6,False,1,Medium,31595,68,S2
UNKNOWN,CYLINDER,3,1,6,False,1,AOG-critical,23074,51,S5
AD71701100,POWER SUPPLY,3,1,6,False,1,AOG-critical,7333,71,S5
SC1L5000319,DOOR LATCH,3,1,6,False,1,Medium,28164,57,S1
UNKNOWN,CHANNEL,5,2,10,False,16,Medium,14738,54,S3
6068022,BLOWER MOTOR,1,0,2,False,1,Low,7672,13,S2
32612110101,MODULE,1,0,2,False,1,Low,5611,11,S3
UNKNOWN,FILTER,3,1,6,False,4,Low,8614,27,S6
UNKNOWN,WINDOW,5,2,10,False,12,Low,12991,35,S1
815A900114,FLOOR SUPPORT,1,0,2,False,1,Medium,28163,39,S7
146A315194,SKIN,1,0,2,False,2,Medium,36247,32,S3
147A758014,FLOOR SUPPORT,3,1,6,False,1,Medium,10905,48,S5
UNKNOWN,LINER,3,1,6,False,9,Medium,9996,63,S3
141A883110,WINDOW FRAME,1,0,2,False,1,Medium,8265,33,S7
147A5504,FLOORBEAM,3,1,6,False,6,Medium,17220,73,S2
147A5506,FLOORBEAM,3,1,6,False,7,Medium,21953,71,S1
146A812712,SHIELD,3,1,6,False,4,Medium,11796,65,S1
147A5660U3,FLOOR SUPPORT,3,1,6,False,4,Medium,49907,70,S1
146A812711,SHIELD,3,1,6,False,5,Medium,13984,59,S4
116A53059,PANEL,3,1,6,False,1,Low,10005,50,S7
UNKNOWN,SENSOR,5,2,10,False,12,Low,6338,7,S1
UNKNOWN,SNUBBER,3,1,6,False,4,Medium,13035,50,S4
147A56761,FLOOR SUPPORT,3,1,6,False,1,Medium,47507,54,S4
149A811829,BRACKET,3,1,6,False,1,Medium,40757,54,S3
254A115013,SWITCHPACK,1,0,2,False,2,Low,5502,11,S2
UNKNOWN,SLIDE,5,2,10,False,120,Medium,21030,20,S4
UNKNOWN,DOOR,5,2,10,False,186,Medium,32601,50,S4
453A151012,PANEL,3,1,6,False,1,Medium,22545,50,S4
UNKNOWN,DOOR,5,2,10,False,186,Medium,21843,57,S2
UNKNOWN,PANEL,5,2,10,False,46,Medium,46050,30,S7
UNKNOWN,TRAY,1,0,2,False,2,Medium,9780,22,S4
UNKNOWN,SUPPORT,5,2,10,False,44,Medium,16166,72,S5
39353,ANTI-SKID VALVE,3,1,6,False,4,AOG-critical,69877,57,S5
UNKNOWN,COVER,5,2,10,False,52,Medium,5004,41,S3
147A565013,SUPPORT,3,1,6,False,1,Medium,44963,72,S8
146A750212,TRANSITION PANEL,1,0,2,False,1,Medium,20295,36,S7
UNKNOWN,STRINGER,5,2,10,False,30,Low,7431,37,S5
UNKNOWN,TABLE,3,1,6,False,4,Medium,13979,35,S5
UNKNOWN,EGT INDICATION,1,0,2,False,1,Low,4690,23,S5
UNKNOWN,PRESSURE SWITCH,3,1,6,False,5,Low,2336,10,S2
UNKNOWN,SHIM,3,1,6,False,6,Low,5733,57,S5
UNKNOWN,SLEEVE,1,0,2,False,1,Medium,5199,20,S5
UNKNOWN,PANEL,5,2,10,False,46,Medium,15646,52,S3
UNKNOWN,STOP FITTING,3,1,6,False,9,Medium,11214,31,S4
144A24104,FRAME,3,1,6,False,3,Low,11154,48,S1
UNKNOWN,RETAINER,5,2,10,False,22,Low,11005,30,S2
140N21395,WINDOW,3,1,6,False,1,Low,4877,46,S5
276005,FUSE,3,1,6,False,1,AOG-critical,23571,79,S2
BR964411,LIGHT,3,1,6,False,1,AOG-critical,1072,77,S6
632160643,SHUTOFF VALVE,1,0,2,False,1,Low,6805,10,S6
UNKNOWN,ROLLER,3,1,6,False,6,Medium,10184,32,S2
D71701100,BATTERY PACK,5,2,10,False,17,AOG-critical,1547,69,S8
141A60752AS,GUIDE ARM,3,1,6,False,1,Medium,19014,68,S2
143A3010145,STRINGER CLIP,3,1,6,False,1,Medium,37782,56,S7
UNKNOWN,SENSE LINE,1,0,2,False,1,Low,10213,12,S2
211C223516,PRESSURE SWITCH,3,1,6,False,1,AOG-critical,32915,48,S1
UNKNOWN,WASTEGATE VALVE,3,1,6,False,1,Low,6564,53,S4
UNKNOWN,DRAIN VALVE,1,0,2,False,2,Medium,26083,40,S5
146A750233,TRANSITION PANEL,1,0,2,False,1,Medium,39431,37,S6
UNKNOWN,LIFE RAFT,3,1,6,False,3,Medium,15598,29,S6
UNKNOWN,TRANSMITTER,3,1,6,False,3,AOG-critical,3579,44,S4
UNKNOWN,OIL SYSTEM,5,2,10,False,10,Low,5168,39,S5
UNKNOWN,PROBE,5,2,10,False,10,Low,8963,35,S4
UNKNOWN,GUST LOCK,5,2,10,False,10,Medium,35538,69,S4
141A541012,FLOOR SUPPORT,3,1,6,False,5,Medium,17679,60,S2
UNKNOWN,CABIN AIR SYS,1,0,2,False,2,Low,5899,8,S3
141A60753,ARM,3,1,6,False,1,Medium,30005,68,S7
AS116080294,HOSE,3,1,6,False,1,Low,12329,48,S3
254A115016,SWITCHPACK,3,1,6,False,1,AOG-critical,27046,80,S8
143A7501158,TRANSITION PANEL,3,1,6,False,1,Medium,46260,56,S6
UNKNOWN,WARNING HORN,3,1,6,False,4,AOG-critical,24546,68,S1
146A7502,TRANSITION PANEL,3,1,6,False,3,Medium,10638,32,S4
2122M27P01,ALTERNATOR,1,0,2,False,1,Low,2387,38,S1
1030001001,WARNING LIGHT,1,0,2,False,1,Low,958,16,S3
UNKNOWN,RELAY,3,1,6,False,3,Low,10124,11,S6
UNKNOWN,FILLER,3,1,6,False,2,Medium,17204,72,S7
UNKNOWN,RAIL,1,0,2,False,2,Medium,43285,42,S6
UNKNOWN,PRESSURE BLKHD,3,1,6,False,5,Medium,48508,35,S2
UNKNOWN,NONE,5,2,10,False,18,Low,8561,46,S8
UNKNOWN,PROCESSOR,1,0,2,False,2,Low,4272,13,S3
UNKNOWN,ENGINE,5,2,10,False,29,Low,2173,56,S4
UNKNOWN,TRACK,3,1,6,False,6,Medium,39694,57,S6
UNKNOWN,CONNECTOR,5,2,10,False,14,AOG-critical,42744,54,S5
UNKNOWN,BATTERY,5,2,10,False,58,Low,1563,39,S8
UNKNOWN,SWITCH,5,2,10,False,11,AOG-critical,36415,59,S6
141A54103,FLOOR SUPPORT,3,1,6,False,5,Medium,44371,68,S4
UNKNOWN,BOLT,1,0,2,False,2,Medium,12948,40,S1
UNKNOWN,BRAKE,3,1,6,False,6,AOG-critical,66080,45,S3
141A5505,FLOORBEAM,3,1,6,False,3,Medium,16470,52,S8
024147000,BATTERY,1,0,2,False,1,Low,603,34,S2
143A750U187,TRANSITION PANEL,3,1,6,False,1,Medium,11395,54,S5
UNKNOWN,BUTTON,3,1,6,False,3,Medium,14633,27,S4
143A611028BR,SKIN,3,1,6,False,1,Medium,20864,72,S4
UNKNOWN,LAVATORY,1,0,2,False,2,Medium,12326,38,S6
UNKNOWN,FLAP,5,2,10,False,11,Low,7695,19,S8
141A81121,ANGLE,1,0,2,False,2,Medium,9776,34,S1
UNKNOWN,RIB,5,2,10,False,23,Low,4667,10,S2
UNKNOWN,PANEL,5,2,10,False,46,Low,6536,42,S5
141A5410023,FLOOR SUPPORT,1,0,2,False,1,Medium,45352,31,S3
111A1111,PRESSURE WEB,1,0,2,False,2,Medium,30634,44,S6
UNKNOWN,COVER,5,2,10,False,52,Medium,15240,38,S1
182A400112,SKIN,1,0,2,False,1,Low,8389,11,S7
654A00041027654A,CARGO TRACK,1,0,2,False,1,Medium,24346,31,S6
147A5762U13,FLOOR SUPPORT,3,1,6,False,2,Medium,45275,66,S4
UNKNOWN,ROPE,1,0,2,False,1,Medium,3340,44,S6
UNKNOWN,TRANSMITTER,3,1,6,False,3,AOG-critical,19715,25,S5
182A400110,SKIN,1,0,2,False,1,Low,2032,18,S6
182A0184310,SKIN,1,0,2,False,1,Low,1202,17,S3
148A861554,ANGLE,3,1,6,False,1,Medium,21189,49,S6
18173812,TRANSMITTER,3,1,6,False,5,AOG-critical,3614,34,S4
UNKNOWN,PLACARD,1,0,2,False,1,Low,2949,18,S5
UNKNOWN,WEB,5,2,10,False,46,Low,8273,21,S6
651632333,WINDOW,1,0,2,False,1,Low,11104,38,S2
UNKNOWN,HOOK AND LOOP,3,1,6,False,6,Medium,11399,20,S4
UNKNOWN,STANCHION,3,1,6,False,4,Medium,14233,69,S7
UNKNOWN,CONTACT,1,0,2,False,2,Medium,14736,38,S5
141A5504,FLOORBEAM,3,1,6,False,1,Medium,15352,64,S4
7340753002,ACTUATOR,1,0,2,False,1,Low,6474,36,S4
143A7501,TRANSITION PANEL,3,1,6,False,4,Medium,25005,47,S4
3012803,PROCESSOR,3,1,6,False,3,Low,8429,23,S4
654A00041073,FLOOR SUPPORT,3,1,6,False,2,Medium,19286,55,S2
UNKNOWN,BUSHING,5,2,10,False,31,Low,6342,57,S6
UNKNOWN,FITTING,5,2,10,False,28,Medium,11983,43,S4
UNKNOWN,FITTING,5,2,10,False,28,Low,6025,55,S4
UNKNOWN,BULKHEAD WEB,3,1,6,False,7,Medium,41645,68,S4
141A52204,TIE DOWN,3,1,6,False,8,Medium,18979,43,S8
UNKNOWN,CLAMP,3,1,6,False,1,AOG-critical,1061,65,S8
UNKNOWN,SCREW,3,1,6,False,9,Medium,5928,34,S6
111A1322U9,ATTACH ANGLE,3,1,6,False,1,Medium,37711,46,S8
UNKNOWN,PUMP,5,2,10,False,17,Low,9800,23,S4
143A7502159,ATTACH BRACKET,3,1,6,False,1,Medium,30958,55,S3
141A8112,DOOR FRAME,3,1,6,False,1,Medium,10416,74,S5
6225132633,TRANSCEIVER,3,1,6,False,3,AOG-critical,97088,49,S3
141A5410U139,FLOOR SUPPORT,3,1,6,False,2,Medium,27719,46,S6
UNKNOWN,FIRE LOOP,1,0,2,False,1,Medium,11581,36,S6
UNKNOWN,STRIP,5,2,10,False,13,AOG-critical,44207,58,S4
UNKNOWN,HANDLE,5,2,10,False,67,Low,2563,36,S7
UNKNOWN,SPRING,3,1,6,False,8,Medium,24624,40,S1
UNKNOWN,FLOAT VALVE,1,0,2,False,2,Low,14856,25,S2
UNKNOWN,ACM,1,0,2,False,1,Low,2002,8,S2
146A8127U1,SHIELD,3,1,6,False,3,Medium,6763,36,S5
141A88114,WINDOW FRAME,3,1,6,False,1,Medium,19204,67,S7
141A83125,ANGLE,3,1,6,False,1,Medium,46935,51,S6
146A812710,TRANSITION PANEL,1,0,2,False,1,Medium,42655,38,S4
9701140001,LIGHT,3,1,6,False,2,AOG-critical,357,82,S5
162700100,COMPUTER,3,1,6,False,2,AOG-critical,9858,36,S5
141A550426,FLOORBEAM,1,0,2,False,2,Medium,7053,33,S4
ASP4560,PRESSURE SWITCH,3,1,6,False,5,Low,12899,17,S3
UNKNOWN,HOUSING,3,1,6,False,3,AOG-critical,43483,82,S4
UNKNOWN,SKIN,5,2,10,False,211,Low,24971,31,S1
141A117194,SHEAR TIE,3,1,6,False,1,Medium,29170,72,S3
141A52204,TIE DOWN,3,1,6,False,8,Medium,40803,52,S2
UNKNOWN,CIRCUIT BREAKER,5,2,10,False,16,Low,5256,59,S4
UNKNOWN,RADOME,3,1,6,False,4,Medium,6548,45,S2
148A8667U18,BRACKET,3,1,6,False,1,Medium,40403,58,S5
UNKNOWN,CHECK VALVE,3,1,6,False,4,Low,7419,12,S1
UNKNOWN,O-RING,3,1,6,False,3,Medium,37664,73,S8
UNKNOWN,SUPPORT FITTING,3,1,6,False,4,Low,1945,32,S7
571411,LOCK,1,0,2,False,1,Medium,30683,30,S7
UNKNOWN,INTERCOSTAL,5,2,10,False,44,Low,2954,11,S8
UNKNOWN,ATTACH ANGLE,5,2,10,False,52,Low,11520,32,S2
2073771007,LENS,3,1,6,False,1,AOG-critical,99829,82,S7
UNKNOWN,PRESSURE SWITCH,3,1,6,False,5,Low,3109,43,S6
254A115014,AUTOTHROTTLE SYS,3,1,6,False,2,AOG-critical,10577,80,S8
UNKNOWN,WEDGE,3,1,6,False,6,Low,14501,48,S4
A42006692302,SOLENOID,3,1,6,False,2,AOG-critical,94433,62,S8
UNKNOWN,WINDOW,5,2,10,False,12,Medium,37446,39,S1
UNKNOWN,DRAIN VALVE,1,0,2,False,2,Low,934,9,S1
UNKNOWN,BOLT,1,0,2,False,2,Medium,21546,42,S2
143A324141,STRINGER,3,1,6,False,1,Medium,43214,68,S1
UNKNOWN,SENSOR,5,2,10,False,12,AOG-critical,3378,25,S4
149A8109U114,SUPPORT ANGLE,3,1,6,False,1,Medium,31201,57,S7
141A824026,ANGLE,1,0,2,False,1,Medium,21202,33,S7
141A8371U7,STUB FRAME,1,0,2,False,1,Medium,6296,44,S1
UNKNOWN,SEAL,5,2,10,False,45,Low,4180,36,S6
UNKNOWN,COMPENSATOR,3,1,6,False,4,Low,10742,49,S4
UNKNOWN,BOX BEAM,3,1,6,False,4,Medium,12881,49,S4
147A56503,FLOOR SUPPORT,3,1,6,False,1,Medium,22239,56,S8
143A948534,SUPPORT,1,0,2,False,1,Medium,17422,30,S2
UNKNOWN,OUTFLOW VALVE,1,0,2,False,1,Low,7804,12,S2
UNKNOWN,HANDLE,5,2,10,False,67,Medium,32458,62,S5
815A70029,MOUNT,3,1,6,False,1,Medium,49964,52,S1
147A576252,FLOOR SUPPORT,3,1,6,False,1,Medium,31157,59,S2
UNKNOWN,PANEL,5,2,10,False,46,Low,4778,51,S1
UNKNOWN,STRINGER SPLICE,3,1,6,False,3,Medium,38043,35,S5
141A512012,DECK PLATE,3,1,6,False,1,Medium,6485,73,S4
UNKNOWN,SMOKE DETECTOR,5,2,10,False,10,Medium,3849,44,S6
820111000001,OVEN,3,1,6,False,5,Medium,19069,24,S4
254A115015,AUTOTHROTTLE SYS,3,1,6,False,1,AOG-critical,91059,52,S7
142147,CONTROL UNIT,3,1,6,False,3,AOG-critical,49298,83,S3
143A948534,RAIL,3,1,6,False,2,Medium,41238,59,S5
143A5240U34,FLOORBEAM,3,1,6,False,1,Medium,23637,48,S8
141A83151,FLOOR SUPPORT,1,0,2,False,1,Medium,20572,34,S5
147A8540U8,CREASE BEAM,3,1,6,False,1,Medium,43969,55,S3
UNKNOWN,RUB STRIP,3,1,6,False,1,Medium,17582,72,S6
UNKNOWN,ANTI-SKID SYS,3,1,6,False,4,AOG-critical,92598,66,S1
141A653620,BEAM,3,1,6,False,1,Medium,19996,73,S1
143A61121,SKIN,3,1,6,False,1,Medium,49917,61,S1
UNKNOWN,FRAME,5,2,10,False,57,Medium,6767,38,S8
65400041073,CREASE BEAM,3,1,6,False,1,Medium,34022,59,S5
143A321220,SKIN,3,1,6,False,5,Medium,8830,46,S5
114A5040606,SLAT,1,0,2,False,1,Low,14074,25,S5
141A4810124CAL,SLIDING WINDOW,1,0,2,False,1,Low,2422,12,S6
147A5507,FLOORBEAM,1,0,2,False,1,Medium,23000,31,S8
UNKNOWN,SUPPORT,5,2,10,False,44,Medium,14308,28,S4
416A150010,LIFE RAFT,1,0,2,False,2,Medium,8911,25,S4
UNKNOWN,TEE ANGLE,1,0,2,False,1,Medium,27594,33,S4
NA182A5301,RIB,3,1,6,False,1,Low,11922,48,S8
146A3231,SKIN,3,1,6,False,1,Medium,20733,74,S5
UNKNOWN,SPRING,3,1,6,False,8,AOG-critical,5770,38,S5
141A81101,FLOOR SUPPORT,1,0,2,False,1,Medium,45063,34,S8
UNKNOWN,WARNING LIGHT,5,2,10,False,22,Low,386,13,S1
20102060103,AUTOBRAKE SYS,3,1,6,False,1,AOG-critical,66365,65,S8
2474M64P06,EEC,3,1,6,False,1,Low,10496,49,S6
1074926,REGULATOR,1,0,2,False,1,Low,7697,35,S8
UNKNOWN,WARNING LIGHT,5,2,10,False,22,Medium,740,33,S7
UNKNOWN,PUMP,5,2,10,False,17,Low,5024,27,S6
147A5660Y22,FLOOR SUPPORT,3,1,6,False,2,Medium,37491,66,S1
32896305,START VALVE,1,0,2,False,1,Low,1502,20,S6
146A812325,WEB,3,1,6,False,6,Medium,33526,40,S3
69764369,MODULE,3,1,6,False,1,Medium,33337,71,S2
UNKNOWN,WARNING LIGHT,5,2,10,False,22,Low,402,56,S2
UNKNOWN,CONTROL ROD,3,1,6,False,2,Medium,33786,53,S6
UNKNOWN,LEVER,3,1,6,False,1,Low,11553,57,S7
141A5410140,FLOOR SUPPORT,3,1,6,False,3,Medium,20000,41,S2
26123111,BRACE,3,1,6,False,1,AOG-critical,63230,59,S2
UNKNOWN,DOOR,5,2,10,False,186,Medium,30245,56,S1
143S6112Y2,SKIN,3,1,6,False,2,Medium,35833,53,S7
141A5410139,FLOOR SUPPORT,3,1,6,False,4,Medium,49093,56,S1
146A7401Y21,SERVICE PANEL,3,1,6,False,1,Medium,29273,59,S8
UNKNOWN,AUTOPILOT SYS,1,0,2,False,2,Low,5665,8,S3
UNKNOWN,RIB,5,2,10,False,23,Low,4347,38,S1
147A612853,STOP FITTING,1,0,2,False,1,Medium,31431,35,S8
277A61111,HUB CAP,3,1,6,False,1,AOG-critical,33411,72,S1
143A7501Y188,TRANSITION PANEL,3,1,6,False,3,Medium,28077,39,S2
146A611028,SKIN,1,0,2,False,2,Medium,7728,43,S5
UNKNOWN,SENSOR,5,2,10,False,12,AOG-critical,5745,34,S6
143A5240U33,FLOORBEAM,1,0,2,False,1,Medium,23177,33,S7
C20633000,BRAKE ASSY,3,1,6,False,1,AOG-critical,61366,61,S1
UNKNOWN,MODULE,3,1,6,False,6,Medium,6446,53,S8
UNKNOWN,MOUNT,5,2,10,False,12,Medium,7714,35,S5
141A118022,FRAME,3,1,6,False,2,Medium,16524,46,S2
141A824026,FRAME ANGLE,1,0,2,False,1,Medium,12033,44,S3
158300101,ACTUATOR,3,1,6,False,3,Low,7879,9,S2
5106CW,LAMP,3,1,6,False,2,AOG-critical,329,88,S8
UNKNOWN,INSULATION,1,0,2,False,1,Medium,29092,38,S1
UNKNOWN,BRAKE,3,1,6,False,6,AOG-critical,58521,61,S3
D71702030,BATTERY PACK,3,1,6,False,1,AOG-critical,919,48,S7
143A9405227,SUPPORT CHANNEL,3,1,6,False,1,Medium,6424,49,S7
147A5504,FITTING,3,1,6,False,2,Medium,5978,54,S3
143A3210,SKIN,1,0,2,False,1,Medium,47229,38,S3
254A115015,SWITCHPACK,3,1,6,False,2,AOG-critical,54037,69,S3
142147,CONTROL MODULE,3,1,6,False,1,AOG-critical,33344,50,S2
UNKNOWN,CONTROL MODULE,3,1,6,False,3,Low,1337,12,S3
143A541027,FLOOR SUPPORT,1,0,2,False,1,Medium,23725,30,S5
UNKNOWN,TAIL CONE,3,1,6,False,7,Medium,32314,43,S1
UNKNOWN,ACCESS DOOR,3,1,6,False,4,Medium,31895,44,S3
116A530138,RIB,1,0,2,False,1,Low,14902,37,S4
3250268010,WIRE HARNESS,3,1,6,False,1,Low,3056,48,S1
143A7502159,ANGLE,3,1,6,False,4,Medium,38148,52,S3
654A0004134,FLOOR SUPPORT,3,1,6,False,1,Medium,35178,48,S5
2073771009,LENS,3,1,6,False,2,AOG-critical,99376,86,S1
UNKNOWN,SWITCH,5,2,10,False,11,Medium,13021,30,S5
143A324140,STRINGER,3,1,6,False,2,Medium,32321,52,S6
8300027904,CONTROLLER,1,0,2,False,1,Low,14392,13,S6
147A85408,ANGLE,3,1,6,False,1,Medium,21147,68,S4
UNKNOWN,MOUNT,5,2,10,False,12,Medium,26412,73,S8
UNKNOWN,HYDRAULIC SYSTEM,3,1,6,False,7,Low,5772,57,S3
UNKNOWN,FITTING,5,2,10,False,28,Low,3741,48,S1
UNKNOWN,DRAIN,3,1,6,False,5,Low,14317,10,S6
UNKNOWN,BAFFLE,5,2,10,False,21,Medium,17354,48,S8
UNKNOWN,WARNING MESSAGE,3,1,6,False,7,Medium,36168,60,S5
UNKNOWN,RELEASE MECH,1,0,2,False,1,Medium,3562,23,S3
1L40010519,HINGE,1,0,2,False,1,Medium,31912,38,S1
UNKNOWN,FASTENER,3,1,6,False,8,AOG-critical,54798,46,S3
UNKNOWN,HYDRAULIC LINE,1,0,2,False,2,Low,4209,24,S3
350594512,STARTER,3,1,6,False,3,Low,9935,23,S3
146A842412,SHIELD,3,1,6,False,1,Medium,14096,69,S1
4082260939,AUTOPILOT SYS,1,0,2,False,1,Low,5514,11,S2
147A8540U8,FLOOR SUPPORT,1,0,2,False,1,Medium,25891,34,S3
146A8123U25,WEB,1,0,2,False,2,Medium,19343,38,S5
UNKNOWN,HANDLE,5,2,10,False,67,Medium,34031,61,S1
UNKNOWN,EEC,1,0,2,False,1,Low,12089,19,S3
645A000358,WEB,1,0,2,False,1,Medium,6420,31,S2
147A5710U2,FLOOR SUPPORT,3,1,6,False,1,Medium,10123,66,S6
UNKNOWN,ANTI-ICE VALVE,1,0,2,False,1,Low,11216,28,S8
146A75056,FLOOR SUPPORT,1,0,2,False,1,Medium,42089,43,S8
071701100,BATTERY PACK,3,1,6,False,1,AOG-critical,3948,54,S6
UNKNOWN,TOILET,1,0,2,False,1,Low,11697,38,S6
2122M28P01,STATOR,1,0,2,False,1,Low,12903,18,S2
147A57101,FLOOR SUPPORT,3,1,6,False,2,Medium,45895,71,S2
UNKNOWN,FLAP TRACK,1,0,2,False,2,Low,5657,30,S3
UNKNOWN,FLOAT SWITCH,1,0,2,False,1,Low,1041,44,S3
AR904211,WATER HEATER,1,0,2,False,1,Low,8849,23,S3
3104,MEMORY DEVICE,1,0,2,False,1,Low,10763,37,S2
183A36005,COVER,1,0,2,False,2,Low,13380,21,S7
63023,SWITCH,3,1,6,False,4,Medium,40429,30,S4
6225135202,DRIVE UNIT,3,1,6,False,1,AOG-critical,82276,74,S4
UNKNOWN,HEAT EXCHANGER,1,0,2,False,2,Low,6376,7,S1
6454052,FAN,1,0,2,False,1,Low,4839,12,S3
UNKNOWN,SHROUD,3,1,6,False,3,Medium,7737,40,S1
UNKNOWN,FILLER,3,1,6,False,2,Medium,43152,70,S4
147A5710U1,FLOOR SUPPORT,3,1,6,False,2,Medium,41915,56,S5
141A481042,SLIDING WINDOW,3,1,6,False,1,Low,2395,53,S2
UNKNOWN,INDICATOR,5,2,10,False,11,Medium,12091,31,S4
UNKNOWN,LUG,3,1,6,False,8,Low,9850,23,S8
UNKNOWN,LANDING GEAR,3,1,6,False,7,AOG-critical,25780,75,S3
UNKNOWN,WARNING LIGHT,5,2,10,False,22,AOG-critical,431,87,S4
UNKNOWN,SUPPORT BEAM,3,1,6,False,3,Medium,39567,34,S1
UNKNOWN,FAILSAFE,3,1,6,False,1,Medium,12358,49,S2
186A20001,SKIN,1,0,2,False,1,Low,5158,18,S2
158000293,TOILET,1,0,2,False,1,Low,4973,18,S2
UNKNOWN,BEAM,3,1,6,False,3,Medium,12921,66,S3
UNKNOWN,DOUBLER,5,2,10,False,15,Medium,36372,34,S7
147A55068,FLOORBEAM,3,1,6,False,4,Medium,17668,37,S8
UNKNOWN,RELAY,3,1,6,False,3,Low,6173,50,S5
UNKNOWN,NONE,5,2,10,False,18,Medium,8939,20,S5
143A324140,STRINGER,3,1,6,False,2,Medium,23308,62,S1
UNKNOWN,LANDING,1,0,2,False,1,Medium,43207,35,S8
146A32396,DOUBLER,3,1,6,False,1,Medium,28885,62,S6
UNKNOWN,LENS,5,2,10,False,62,Medium,3223,30,S4
143A524036,FLOORBEAM,3,1,6,False,7,Medium,20707,54,S4
UNKNOWN,NOT REPORTED,3,1,6,False,3,Medium,29461,56,S2
141A35219,SKIN PANEL,3,1,6,False,1,Medium,29861,50,S4
UNKNOWN,STIFFENER,3,1,6,False,5,Low,12088,43,S4
M834851121,O-RING,1,0,2,False,1,Low,13050,23,S2
UNKNOWN,PANEL,5,2,10,False,46,Medium,12864,31,S3
UNKNOWN,BUSHING,5,2,10,False,31,Low,3912,49,S4
UNKNOWN,PANEL,5,2,10,False,46,Medium,44034,50,S5
UNKNOWN,COVER PLATE,1,0,2,False,1,Medium,18868,37,S7
AD71701100,BATTERY PACK,3,1,6,False,2,AOG-critical,3320,79,S7
UNKNOWN,LOCKING CAM,5,2,10,False,13,Medium,29462,59,S1
UNKNOWN,SKIN,5,2,10,False,211,Low,9632,43,S2
UNKNOWN,SUPPORT,5,2,10,False,44,Low,10413,45,S6
UNKNOWN,FITTING,5,2,10,False,28,Medium,28649,70,S4
146A315194,SKIN PANEL,3,1,6,False,5,Medium,44760,40,S6
173A01037,RUDDER,3,1,6,False,1,Low,13397,52,S6
UNKNOWN,FLEX COUPLING,1,0,2,False,1,Low,3645,13,S1
146A750232,TRANSITION PANEL,3,1,6,False,8,Medium,12391,34,S8
D71702001,BATTERY PACK,3,1,6,False,5,AOG-critical,1994,45,S5
UNKNOWN,SUPPORT ANGLE,5,2,10,False,39,Low,10604,11,S4
2193301AD,CONTROLLER,1,0,2,False,2,Low,7474,10,S1
273A12012,ACTUATOR,3,1,6,False,1,AOG-critical,67983,61,S6
UNKNOWN,GROUND WIRE,3,1,6,False,2,AOG-critical,14046,28,S5
UNKNOWN,DOOR TRACK,3,1,6,False,3,Medium,38651,70,S8
UNKNOWN,LUG,3,1,6,False,8,Medium,21608,55,S3
UNKNOWN,DOUBLER,5,2,10,False,15,Low,13137,17,S7
UNKNOWN,PLATE,5,2,10,False,47,Low,14021,56,S2
141A824011,STRINGER,3,1,6,False,1,Medium,7619,64,S5
912000,LIGHT,3,1,6,False,1,AOG-critical,216,72,S3
147A571017,SUPPORT,1,0,2,False,1,Medium,13246,43,S7
143A58108,FLOOR PANEL,1,0,2,False,2,Medium,5979,31,S3
143A581012,FLOOR PANEL,3,1,6,False,1,Medium,6607,46,S5
UNKNOWN,COMPRESSOR,3,1,6,False,3,Low,3060,33,S3
UNKNOWN,INDICATION SYS,3,1,6,False,7,AOG-critical,29653,58,S2
146A750162,CARGO TRACK,3,1,6,False,1,Medium,48797,56,S5
UNKNOWN,FAIRING,5,2,10,False,15,Medium,38805,40,S4
111A24012,FITTING,5,2,10,False,19,Medium,30947,50,S1
UNKNOWN,BRACKET,5,2,10,False,42,Medium,24118,69,S3
32156185,ANTI-ICE VALVE,1,0,2,False,2,Low,1629,27,S3
147A56608U8,INTERCOSTAL,1,0,2,False,1,Medium,42682,39,S3
UNKNOWN,PLATE,5,2,10,False,47,Low,6119,35,S5
UNKNOWN,WEB,5,2,10,False,46,Low,13262,42,S4
UNKNOWN,SHIELD,5,2,10,False,10,Medium,26862,60,S8
UNKNOWN,BOTTLE,3,1,6,False,5,Medium,7650,28,S3
UNKNOWN,OVERHEAT LOOP,1,0,2,False,1,Medium,13862,32,S5
UNKNOWN,WINDOW,5,2,10,False,12,Low,1329,27,S4
143A750140,CHANNEL,3,1,6,False,1,Medium,16641,69,S2
414A52202,TIE DOWN,3,1,6,False,1,Medium,16528,74,S1
UNKNOWN,BEAR STRAP,3,1,6,False,1,Medium,7607,73,S6
UNKNOWN,WINDOW,5,2,10,False,12,Low,2572,42,S5
UNKNOWN,FLAP TRACK,1,0,2,False,2,Low,13144,17,S3
UNKNOWN,KNOB,3,1,6,False,3,Medium,11541,74,S8
UNKNOWN,COVER,5,2,10,False,52,Medium,18068,23,S3
UNKNOWN,INDICATOR,5,2,10,False,11,AOG-critical,13050,36,S3
3400507050,GEARBOX,1,0,2,False,1,Low,14520,31,S7
143A750311,FLOOR SUPPORT,3,1,6,False,1,Medium,20948,52,S2
143A7502U158,ANGLE,3,1,6,False,3,Medium,31256,45,S8
111A24011,FITTING,5,2,10,False,18,Medium,28745,73,S6
UNKNOWN,FUEL FILTER,3,1,6,False,7,Low,7566,38,S3
DBF13255,RETAINER,1,0,2,False,1,Medium,12728,42,S5
UNKNOWN,FLAP,5,2,10,False,11,Low,4535,54,S6
UNKNOWN,SKIN,5,2,10,False,211,Medium,44058,63,S1
UNKNOWN,WARNING LIGHT,5,2,10,False,22,AOG-critical,1096,69,S8
S1186,LIMIT SWITCH,3,1,6,False,1,AOG-critical,16716,74,S2
BR964411,WIRE HARNESS,3,1,6,False,1,AOG-critical,31191,73,S5
115195214,CONTROL UNIT,1,0,2,False,1,Low,12624,16,S1
UNKNOWN,FLAP,5,2,10,False,11,AOG-critical,9449,40,S6
233A32032,FUEL CONTROL,3,1,6,False,1,Low,14426,53,S3
UNKNOWN,VALVE,3,1,6,False,1,AOG-critical,49926,63,S8
3012803,PROCESSOR,3,1,6,False,3,Low,12688,46,S3
UNKNOWN,RETAINER,5,2,10,False,22,Low,10413,30,S7
HG2050AC11,ADIRU,3,1,6,False,3,AOG-critical,36897,85,S1
UNKNOWN,CIRCUIT BREAKER,3,1,6,False,16,AOG-critical,89676,45,S5
UNKNOWN,ATTACH ANGLE,5,2,10,False,52,Medium,19475,43,S3
UNKNOWN,INLET,3,1,6,False,3,Low,45599,54,S5
UNKNOWN,GATE,3,1,6,False,5,Medium,30511,72,S7
UNKNOWN,CHARGER,3,1,6,False,7,AOG-critical,36484,71,S8
UNKNOWN,FLAP SYSTEM,5,2,10,False,13,AOG-critical,9177,44,S4
UNKNOWN,NUT PLATE,3,1,6,False,8,Medium,46468,32,S8
UNKNOWN,O-RING,3,1,6,False,3,Low,4275,18,S2
457311381,HEATER,1,0,2,False,1,Low,9757,12,S5
143A7502U154,ANGLE,1,0,2,False,1,Medium,31262,43,S4
UNKNOWN,NUT PLATE,3,1,6,False,8,Low,4369,14,S7
254A115014,AUTOTHROTTLE SYS,1,0,2,False,2,Low,3408,8,S1
UNKNOWN,STRAP,5,2,10,False,10,Medium,17484,45,S7
898052,EXTINGUISHER,1,0,2,False,1,Medium,4946,28,S3
UNKNOWN,CABLE,1,0,2,False,2,Low,5781,34,S2
D71702030,POWER SUPPLY,3,1,6,False,2,AOG-critical,8283,54,S4
65C1990141,LATCH,1,0,2,False,1,Medium,12531,25,S5
UNKNOWN,CRADLE,3,1,6,False,3,Medium,8428,26,S6
66601410,LIFE VEST,1,0,2,False,1,Medium,8348,30,S3
146A940387,SIDEWALL SUPPORT,1,0,2,False,1,Medium,17466,43,S7
DTY2710501,LIFE VEST,1,0,2,False,1,Medium,3706,34,S3
UNKNOWN,STIFFENER,3,1,6,False,5,Low,29054,57,S5
115A62601,ANGLE,1,0,2,False,1,Low,7428,37,S7
185A16114,STRUCTURE,1,0,2,False,1,Low,3921,40,S7
UNKNOWN,DRAIN,3,1,6,False,5,Medium,42394,57,S3
143A0112Y2,SKIN,1,0,2,False,1,Medium,36670,36,S1
UNKNOWN,DOOR,5,2,10,False,186,Medium,23039,51,S4
UNKNOWN,PIN,3,1,6,False,9,Medium,35539,34,S5
UNKNOWN,CABLE,1,0,2,False,2,Medium,14021,22,S3
213A71331,INTERCOSTAL,3,1,6,False,1,Medium,12697,72,S3
UNKNOWN,DOOR,5,2,10,False,186,Low,41323,41,S5
UNKNOWN,TAIL CONE,3,1,6,False,7,Low,7067,58,S7
5A3307701,COVER,1,0,2,False,1,Medium,16450,22,S4
141A06311,DECK PLATE,3,1,6,False,1,Medium,5268,67,S2
251A44304,SWITCH,1,0,2,False,1,Low,5643,7,S1
UNKNOWN,BEZEL,3,1,6,False,1,AOG-critical,49156,56,S6
147A8540U8,STRUCTURE,1,0,2,False,1,Medium,23521,38,S3
UNKNOWN,TRANSFER VALVE,3,1,6,False,1,Low,13378,51,S6
M832481161,SEAL,3,1,6,False,1,Low,14767,58,S1
141A35219,SKIN,1,0,2,False,1,Medium,41936,44,S2
143A611028,SKIN,3,1,6,False,1,Medium,46622,70,S3
UNKNOWN,SUPPORT FITTING,3,1,6,False,4,Medium,18579,37,S8
142219,CONTROL UNIT,3,1,6,False,1,AOG-critical,84390,62,S3
UNKNOWN,FUSE,3,1,6,False,5,AOG-critical,60345,66,S4
UNKNOWN,SKIN,5,2,10,False,211,Medium,21415,37,S4
R18,RELAY,1,0,2,False,1,Low,5756,31,S6
32144464,VALVE,1,0,2,False,1,Low,3395,11,S1
UNKNOWN,DOOR,5,2,10,False,186,AOG-critical,14410,46,S1
497191,ELEC CONNECTOR,3,1,6,False,1,AOG-critical,18658,56,S3
UNKNOWN,DOOR SILL,3,1,6,False,5,Medium,10202,34,S7
UNKNOWN,HANDLE,5,2,10,False,67,Medium,12240,32,S5
7024091007,SIGN,3,1,6,False,1,AOG-critical,78106,60,S4
UNKNOWN,BEARING,3,1,6,False,5,Medium,28049,63,S6
UNKNOWN,SPOILER,3,1,6,False,2,Low,4471,49,S3
182A5305U3,RIB,1,0,2,False,2,Low,11260,29,S6
UNKNOWN,DOOR LATCH,5,2,10,False,19,Medium,7545,37,S3
442653,HMU,1,0,2,False,1,Low,10605,16,S3
254A115015,SWITCHPACK,1,0,2,False,2,Low,3568,11,S1
93248213,RELAY,1,0,2,False,1,Low,6067,45,S4
147A33001,SKIN PANEL,1,0,2,False,2,Medium,15923,38,S7
147A5350,FLOORBEAM,1,0,2,False,1,Medium,24803,44,S8
147A31103147A340,SKIN,3,1,6,False,1,Medium,10782,64,S5
146A750512,INTERCOSTAL,3,1,6,False,1,Medium,45268,50,S8
112A2101204,SPAR,1,0,2,False,1,Low,5085,26,S8
112A2110204,SPAR,3,1,6,False,1,Low,7509,52,S2
146A8127U12,SHIELD,3,1,6,False,3,Medium,46464,48,S8
8283005,PUMP,1,0,2,False,1,Low,11108,34,S2
118411934,HEATER,1,0,2,False,1,Low,10745,40,S7
22064002,ACM,3,1,6,False,3,Low,1228,12,S3
143A01122,SKIN,1,0,2,False,1,Medium,45433,34,S3
UNKNOWN,STRIP,5,2,10,False,13,AOG-critical,41268,52,S2
UNKNOWN,STUB FRAME,1,0,2,False,1,Medium,6738,30,S4
UNKNOWN,SEAT BACK,1,0,2,False,2,Medium,5780,33,S6
UNKNOWN,SHEAR WEB,1,0,2,False,1,Medium,10421,44,S4
141A5810162,FLOOR PANEL,1,0,2,False,1,Medium,7721,36,S4
143A581090,FLOOR PANEL,3,1,6,False,1,Medium,48900,72,S1
UNKNOWN,ANCHOR,1,0,2,False,1,Medium,8871,28,S3
UNKNOWN,SWITCH,5,2,10,False,11,Low,8190,56,S3
8221604102,COMPUTER,1,0,2,False,1,Low,3151,9,S2
UNKNOWN,RIB,5,2,10,False,23,Low,4423,18,S8
5A3307701,GIRT BAR,3,1,6,False,5,Medium,14854,39,S5
QA07995,SWITCH,1,0,2,False,1,Low,1606,22,S4
147A56903,FLOOR SUPPORT,1,0,2,False,1,Medium,9622,44,S7
277A61112,HUB CAP,3,1,6,False,1,AOG-critical,58932,46,S8
111A13229,ATTACH ANGLE,1,0,2,False,1,Medium,41430,31,S6
UNKNOWN,COVER,5,2,10,False,52,Medium,23259,49,S2
UNKNOWN,WEB,5,2,10,False,46,Low,12227,51,S6
AML76C10T01P,SWITCH,3,1,6,False,1,AOG-critical,19295,68,S8
112A1101204,WEB,1,0,2,False,1,Low,4794,26,S3
UNKNOWN,PROXIMITY SENSOR,3,1,6,False,1,AOG-critical,11151,26,S4
PAI380081,PAINT,3,1,6,False,1,Medium,29442,48,S2
UNKNOWN,WEB,5,2,10,False,46,Low,2847,43,S2
632920704,FAN,3,1,6,False,1,Low,12626,50,S7
UNKNOWN,SWITCH,3,1,6,False,11,AOG-critical,50290,69,S5
2123010BA,OUTFLOW VALVE,1,0,2,False,1,Low,6864,11,S3
141A60761,PIN,3,1,6,False,1,Medium,42922,69,S7
B21506,FUSE,3,1,6,False,3,AOG-critical,97657,77,S6
95850T0214FFN,HOSE,1,0,2,False,1,Low,14940,27,S4
UNKNOWN,RUDDER,1,0,2,False,1,Low,10801,37,S1
UNKNOWN,STRINGER CLIP,3,1,6,False,6,Medium,27877,74,S4
0851HT1,PITOT HEAD,3,1,6,False,1,AOG-critical,64871,72,S2
50012YFCAL,ELT,1,0,2,False,1,Medium,14051,22,S5
111A132210,ANGLE,3,1,6,False,3,Medium,25139,66,S4
UNKNOWN,FAUCET,3,1,6,False,1,Low,13768,58,S3
UNKNOWN,BUSHING,5,2,10,False,31,Low,7280,58,S3
UNKNOWN,FLAP,5,2,10,False,11,Medium,11833,39,S4
UNKNOWN,MODULE,3,1,6,False,6,Low,4651,13,S4
146A750234,TRANSITION PANEL,3,1,6,False,3,Medium,9060,35,S6
143A812638,TRANSITION PANEL,3,1,6,False,1,Medium,21738,74,S8
UNKNOWN,BRACKET,5,2,10,False,42,Medium,11711,48,S8
UNKNOWN,CONTROL PANEL,1,0,2,False,1,Medium,14799,22,S4
UNKNOWN,CREASE BEAM,1,0,2,False,2,Medium,42556,31,S1
8221604101,COMPUTER,1,0,2,False,1,Low,1647,12,S1
254A115014,SWITCHPACK,1,0,2,False,2,Low,7735,13,S3
UNKNOWN,SKIN PANEL,3,1,6,False,8,Low,27209,38,S3
186A200024,SKIN,3,1,6,False,1,Low,9900,50,S8
UNKNOWN,PANEL,5,2,10,False,46,Low,45691,47,S3
607551005,PUMP,1,0,2,False,2,Low,6539,38,S3
UNKNOWN,MOUNT,5,2,10,False,12,Medium,29927,53,S1
141A481041,WINDSHIELD,3,1,6,False,1,Low,11868,59,S4
UNKNOWN,FLAP SYSTEM,5,2,10,False,13,Low,4692,32,S1
654A0004107,FLOOR SUPPORT,3,1,6,False,1,Medium,23288,72,S4
UNKNOWN,BLOCK,3,1,6,False,2,Medium,16020,58,S3
34A28013,DRAIN MAST,1,0,2,False,1,Low,6087,10,S4
143A812258,WEB,3,1,6,False,1,Medium,40797,63,S5
143A812638,SHIELD,3,1,6,False,1,Medium,12884,59,S3
143A812637,SHIELD,3,1,6,False,2,Medium,33789,53,S1
158300101,ACTUATOR,3,1,6,False,3,AOG-critical,83258,85,S1
147A31101,SKIN PANEL,1,0,2,False,2,Medium,48538,39,S1
71211997101AC,CONTROLLER,1,0,2,False,1,Low,1167,9,S1
UNKNOWN,SUPPORT BEAM,3,1,6,False,3,Low,9017,50,S2
158300101,ACTUATOR,3,1,6,False,3,Low,5998,13,S3
143A323228,SKIN PANEL,3,1,6,False,1,Medium,44323,48,S5
UNKNOWN,CABIN PRESSURE,3,1,6,False,4,Low,7817,9,S2
147A5710U1,SUPPORT ANGLE,1,0,2,False,1,Medium,14589,30,S6
510901601,CONTROLLER,1,0,2,False,1,Low,4523,9,S2
UNKNOWN,STOP FITTING,3,1,6,False,9,Medium,21377,35,S8
UNKNOWN,REPAIR,3,1,6,False,3,Medium,36865,58,S3
UNKNOWN,PLATE,5,2,10,False,47,Low,7071,39,S2
UNKNOWN,DOUBLER,5,2,10,False,15,Low,7209,22,S1
182A52014,RIB,3,1,6,False,1,Low,13348,53,S3
112A1101203,SPAR,1,0,2,False,1,Low,11695,15,S4
UNKNOWN,CONNECTOR,5,2,10,False,14,AOG-critical,9389,31,S4
141A813147,INTERCOSTAL,3,1,6,False,1,Medium,12473,63,S2
UNKNOWN,VAPOR BARRIER,5,2,10,False,45,Medium,22632,34,S7
BR96359024,WIRE HARNESS,3,1,6,False,2,AOG-critical,96307,58,S8
UNKNOWN,SKIN,5,2,10,False,211,Medium,14944,32,S7
UNKNOWN,GUIDE,3,1,6,False,3,Medium,21263,43,S2
442653,FUEL CONTROL,1,0,2,False,1,Low,11867,42,S4
141A54014,FLOOR SUPPORT,3,1,6,False,1,Medium,9950,53,S8
69708433,BLOCK,1,0,2,False,1,Medium,7446,24,S4
143A8126Y38,SHIELD,3,1,6,False,1,Medium,21602,69,S2
UNKNOWN,DOOR,5,2,10,False,186,Medium,19005,20,S3
607551005,IMPELLER,1,0,2,False,1,Low,8231,43,S4
350594512,STARTER,3,1,6,False,3,Low,12033,25,S5
143A751024,FLOOR SUPPORT,3,1,6,False,1,Medium,38538,65,S3
UNKNOWN,LATCH,5,2,10,False,15,Medium,12384,58,S3
111A2401,FITTING,1,0,2,False,1,Medium,19633,32,S8
UNKNOWN,RETAINER,5,2,10,False,22,Medium,41363,34,S2
ABSB21506,FUSE,3,1,6,False,3,AOG-critical,89656,87,S4
D868,ELEC CONNECTOR,1,0,2,False,1,Low,10854,14,S4
111A13229,ANGLE,3,1,6,False,4,Medium,17068,40,S7
102AH2AG,PROBE,3,1,6,False,1,AOG-critical,45201,48,S4
UNKNOWN,SKIN,5,2,10,False,211,Low,3502,19,S1
284A3603116,SUPPORT,3,1,6,False,1,Medium,18026,51,S8
D95035,ELEC CONNECTOR,3,1,6,False,1,AOG-critical,71395,88,S2
609891005,PUMP,3,1,6,False,4,Low,13473,46,S4
UNKNOWN,HANDLE,5,2,10,False,67,Medium,6030,41,S1
451025UF00,COFFEEMAKER,1,0,2,False,1,Medium,10147,28,S5
UNKNOWN,SHROUD,3,1,6,False,3,Low,11192,29,S1
BACT12AC,TERMINAL,3,1,6,False,1,AOG-critical,92624,56,S3
UNKNOWN,NUT,3,1,6,False,5,Medium,7518,66,S1
UNKNOWN,SPAR,1,0,2,False,2,Low,5058,34,S4
UNKNOWN,SKIN PANEL,3,1,6,False,8,Low,12444,49,S3
147A85407,STRUCTURE,3,1,6,False,3,Medium,33649,62,S5
D11321,CONNECTOR,3,1,6,False,1,AOG-critical,53650,49,S3
UNKNOWN,SCREW,3,1,6,False,9,Medium,7339,26,S3
21C13211,PRESSURE SWITCH,1,0,2,False,1,Low,14222,33,S6
32902061,VALVE,1,0,2,False,1,Low,790,12,S3
UNKNOWN,STOP,3,1,6,False,3,AOG-critical,16182,39,S6
8200048702,MOUNT BRACKET,3,1,6,False,1,AOG-critical,71881,45,S4
144A58104,FLOOR PANEL,1,0,2,False,1,Medium,29810,39,S4
141A82303,SCUFF PLATE,3,1,6,False,1,Medium,22052,74,S2
UNKNOWN,SHAFT,1,0,2,False,1,Medium,37068,36,S4
UNKNOWN,HOLDER,1,0,2,False,2,Medium,3498,39,S5
M356,OVERHEAT LOOP,1,0,2,False,1,Medium,17989,23,S4
143A948523,SUPPORT,3,1,6,False,1,Medium,22718,47,S5
146A9403181,SIDEWALL SUPPORT,1,0,2,False,1,Medium,5321,39,S7
UNKNOWN,COMPENSATOR,3,1,6,False,4,Low,4256,29,S3
1828203,HEAT EXCHANGER,3,1,6,False,3,Low,7895,10,S1
UNKNOWN,SUPPORT RIB,1,0,2,False,1,Low,14807,32,S6
5A3307701,SLIDE,5,2,10,False,33,Low,44187,37,S2
146A325132,SKIN,3,1,6,False,2,Medium,29446,59,S8
UNKNOWN,STOP FITTING,3,1,6,False,9,Low,5771,30,S6
UNKNOWN,BALANCE WEIGHT,1,0,2,False,1,Low,3082,23,S5
UNKNOWN,ROLLER TRACK,3,1,6,False,2,Medium,29665,57,S7
UNKNOWN,STOP FITTING,3,1,6,False,9,Medium,19984,59,S7
UNKNOWN,LATCH,5,2,10,False,15,Medium,13806,57,S8
143A7501U188,TRANSITION PANEL,3,1,6,False,7,Medium,18061,73,S8
UNKNOWN,TUBE,3,1,6,False,9,Low,12763,30,S8
147A61562,RECEIVER,1,0,2,False,1,Medium,21897,38,S7
147A31104,SKIN,3,1,6,False,2,Medium,5069,55,S7
141A5810765,FLOORBOARD,3,1,6,False,1,Medium,38053,58,S3
8200048301,HOUSING,3,1,6,False,1,AOG-critical,45895,84,S7
912000,SIGN,3,1,6,False,1,AOG-critical,43937,67,S4
UNKNOWN,APU,3,1,6,False,3,Low,7391,41,S4
147A571017,FLOOR SUPPORT,1,0,2,False,1,Medium,48017,36,S5
UNKNOWN,FLASHLIGHT ASSY,3,1,6,False,3,Medium,858,32,S4
147A56762,FLOOR SUPPORT,1,0,2,False,1,Medium,37506,36,S3
111A12022,ATTACH ANGLE,1,0,2,False,1,Medium,46139,38,S6
UNKNOWN,WARNING BELL,1,0,2,False,1,Medium,14887,25,S4
CFM567B273F,ENGINE,1,0,2,False,1,Low,9039,26,S3
UNKNOWN,HANDLE,5,2,10,False,67,Medium,12257,45,S5
141A5410U13,INTERCOSTAL,3,1,6,False,1,Medium,22200,64,S2
186A200041,RIB,1,0,2,False,2,Low,11205,17,S8
143A812629,TRANSITION PANEL,3,1,6,False,1,Medium,36970,74,S5
5893543149,WINDSHIELD,1,0,2,False,2,Low,8460,44,S7
182A5301U4,RIB,1,0,2,False,1,Low,2220,13,S4
UNKNOWN,POST,3,1,6,False,1,Medium,47542,52,S7
UNKNOWN,BUNGEE CYLINDER,1,0,2,False,1,Low,11627,43,S1
UNKNOWN,SLIDING SLEEVE,1,0,2,False,1,Low,12061,30,S6
UNKNOWN,STRUCTURE,5,2,10,False,11,Low,1189,31,S8
UNKNOWN,SENSOR,3,1,6,False,12,AOG-critical,95265,46,S2
143A101048,STRINGER CLIP,3,1,6,False,1,Medium,49728,62,S6
UNKNOWN,INDICATION SYS,3,1,6,False,7,Low,13904,51,S6
143A750U1188,TRANSITION PANEL,3,1,6,False,1,Medium,22078,62,S3
UNKNOWN,TORQUE BOX,1,0,2,False,2,Medium,5270,45,S1
UNKNOWN,COVER,5,2,10,False,52,Medium,10710,41,S6
147A8540U8,ANGLE,3,1,6,False,1,Medium,31083,59,S1
146A31319,SKIN,1,0,2,False,1,Medium,21697,31,S5
147A581023,FLOOR PANEL,1,0,2,False,1,Medium,40171,42,S6
UNKNOWN,DOOR,5,2,10,False,186,AOG-critical,22129,77,S5
147A56601,FLOOR SUPPORT,1,0,2,False,1,Medium,35654,37,S7
BAC149028857075T,FLOORBEAM,1,0,2,False,1,Medium,12216,39,S2
41310203,PUMP,1,0,2,False,1,Low,1151,24,S6
UNKNOWN,SUPPORT FRAME,3,1,6,False,1,Medium,9893,53,S8
UNKNOWN,SPACER,3,1,6,False,1,Low,3822,49,S1
UNKNOWN,CONTROLLER,1,0,2,False,1,Low,6740,12,S1
1074926,BLEED VALVE,1,0,2,False,1,Low,5126,23,S7
453329039,HEAT EXCHANGER,3,1,6,False,1,Low,11624,48,S6
141A6536U20,BEAM,3,1,6,False,1,Medium,39241,63,S4
UNKNOWN,HOLDER,3,1,6,False,2,AOG-critical,90491,66,S8
141A8370U13,DOOR FRAME,1,0,2,False,1,Medium,17575,33,S6
141A5410105,FLOOR SUPPORT,1,0,2,False,1,Medium,26490,33,S4
UNKNOWN,SUPPORT BRACKET,5,2,10,False,14,Medium,13662,44,S8
UNKNOWN,CHECK VALVE,3,1,6,False,4,Low,8237,33,S4
202000315,COMPENSATOR,1,0,2,False,2,Low,14854,11,S6
144A311118,SKIN,3,1,6,False,2,Medium,33215,73,S3
146A313110146A31,SKIN,3,1,6,False,4,Medium,35250,73,S6
141A8371Y10,DOOR FRAME,1,0,2,False,1,Medium,5522,34,S2
ABSB21506,FUSE,3,1,6,False,3,AOG-critical,64611,62,S2
6454051,FAN,1,0,2,False,1,Low,4759,12,S2
182A53012,RIB,1,0,2,False,1,Low,1734,13,S5
UNKNOWN,OXYGEN MASK,3,1,6,False,4,Low,9928,19,S3
UNKNOWN,DETECTION SYS,1,0,2,False,1,Medium,4008,27,S5
141A88318,WINDOW POST,3,1,6,False,1,Medium,20371,61,S8
UNKNOWN,SCREW,3,1,6,False,9,Medium,6590,37,S3
UNKNOWN,WINDSHIELD,1,0,2,False,2,Low,8254,42,S1
LEAP1B25G06,OIL FILTER,3,1,6,False,1,Low,8002,46,S6
141A83154,ANGLE,3,1,6,False,1,Medium,40514,49,S7
W3142033116,WIRE,3,1,6,False,1,AOG-critical,14950,88,S7
141A5810155,FLOOR PANEL,3,1,6,False,1,Medium,29572,46,S5
146A315194146A32,SKIN,3,1,6,False,1,Medium,17036,48,S7
147A57102,FLOORBEAM,3,1,6,False,1,Medium,24549,59,S7
141A51331,DECK PLATE,1,0,2,False,1,Medium,6361,36,S7
143A5310138,SEAT TRACK,3,1,6,False,1,Medium,30848,72,S6
UNKNOWN,UNKNOWN,5,2,10,False,58,Low,10762,53,S1
UNKNOWN,FITTING,5,2,10,False,28,Medium,9485,50,S2
912500,LIGHT,3,1,6,False,1,AOG-critical,364,58,S4
115A2156U8,ANGLE,1,0,2,False,1,Low,1303,42,S4
146A320132,SKIN,3,1,6,False,4,Medium,7546,58,S6
UNKNOWN,GENERATOR,3,1,6,False,1,Low,6894,54,S3
UNKNOWN,LAMP,5,2,10,False,67,AOG-critical,1394,61,S5
UNKNOWN,PANEL,5,2,10,False,46,Low,4747,17,S5
UNKNOWN,NUT PLATE,3,1,6,False,8,Low,6873,27,S7
UNKNOWN,CHANNEL,5,2,10,False,16,Low,8794,59,S4
UNKNOWN,SPAR,1,0,2,False,2,Low,10139,18,S6
3989086,SELECTOR,1,0,2,False,1,Low,6861,11,S1
UNKNOWN,STRUT,3,1,6,False,2,Low,28437,69,S7
148A33258,SKIN,3,1,6,False,1,Medium,25424,53,S4
148A33111,SKIN,3,1,6,False,3,Medium,45664,61,S2
QA07656,TRANSMITTER,1,0,2,False,1,Low,8021,24,S8
146A750234,ANGLE,1,0,2,False,1,Medium,45670,41,S3
UNKNOWN,SPOILER SYS,3,1,6,False,1,AOG-critical,17631,40,S6
141A6554Y1,PAN,1,0,2,False,1,Medium,40054,43,S7
UNKNOWN,ROD END,1,0,2,False,1,Medium,12313,36,S5
UNKNOWN,BUSHING,5,2,10,False,31,Medium,18234,33,S1
143A54104194,FLOOR SUPPORT,3,1,6,False,1,Medium,42459,61,S7
UNKNOWN,STRAP,5,2,10,False,10,Medium,10823,29,S4
P2070021002,BATTERY,1,0,2,False,2,Medium,4875,38,S4
W3142035316,WIRE,3,1,6,False,1,AOG-critical,87202,62,S5
144A24104,FRAME,3,1,6,False,3,Medium,40257,61,S3
737MAX89NLG,WHEEL,3,1,6,False,1,AOG-critical,48444,55,S1
29531130093,STRAP,1,0,2,False,1,Medium,10377,41,S6
UNKNOWN,FAIRING,5,2,10,False,15,Low,7430,47,S4
UNKNOWN,PRESSURE PANEL,3,1,6,False,1,Low,6366,56,S3
453328039,EXCHANGER,3,1,6,False,1,Low,12326,48,S1
141A52147,FLOOR SUPPORT,3,1,6,False,1,Medium,14368,72,S6
UNKNOWN,GIRT BAR,5,2,10,False,139,Medium,6928,34,S3
654498013,CAP,1,0,2,False,1,Low,2040,44,S5
147A104750,FRAME,1,0,2,False,1,Medium,5887,34,S8
UNKNOWN,HYDRAULIC SYSTEM,3,1,6,False,7,Low,2218,58,S3
UNKNOWN,BLEED AIR SYS,3,1,6,False,4,Low,4176,10,S2
141A81121,FLOOR SUPPORT,3,1,6,False,1,Medium,27426,63,S7
38007021,APU,1,0,2,False,2,Low,3135,44,S7
273A33018,CONTROL MODULE,3,1,6,False,1,AOG-critical,21396,56,S1
UNKNOWN,WEB,5,2,10,False,46,Low,14925,21,S1
143A101028,STRINGER CLIP,3,1,6,False,3,Medium,29625,56,S3
147A311020,SKIN,3,1,6,False,2,Medium,8289,66,S5
146A310114,SKIN,3,1,6,False,1,Medium,47100,72,S2
182A400111,SKIN,3,1,6,False,3,Low,12497,43,S6
UNKNOWN,GUSSET,3,1,6,False,6,Medium,49905,40,S4
UNKNOWN,ROLLER TRACK,3,1,6,False,2,Medium,39902,46,S6
141A5410141,FLOOR SUPPORT,3,1,6,False,1,Medium,11179,46,S4
147A57102,FLOOR SUPPORT,1,0,2,False,1,Medium,24232,37,S4
BAC27DEX6559,SENSOR,3,1,6,False,1,AOG-critical,44998,58,S4
UNKNOWN,SIGN,5,2,10,False,71,Medium,17632,39,S3
1030001001,INTERRUPTER,3,1,6,False,3,Low,12938,27,S6
UNKNOWN,SUPPORT ANGLE,5,2,10,False,39,Medium,48968,58,S7
UNKNOWN,RAIL,3,1,6,False,2,Low,2692,51,S6
UNKNOWN,UNKNOWN,5,2,10,False,58,Medium,45380,30,S4
UNKNOWN,DOOR SILL,3,1,6,False,5,Medium,35536,70,S4
141A5810755,FLOORBOARD,3,1,6,False,1,Medium,29880,55,S3
148A332113,SKIN,3,1,6,False,5,Medium,35049,38,S3
146A781323,STRINGER,1,0,2,False,1,Medium,42377,38,S2
147A8510U59,WEB,1,0,2,False,1,Medium,13467,45,S7
189929,PROXIMITY SENSOR,3,1,6,False,3,AOG-critical,10887,26,S4
5145188,AUDIO PANEL,1,0,2,False,1,Low,4189,8,S1
1853M56P16,HMU,1,0,2,False,1,Low,13254,32,S2
UNKNOWN,STRUCTURE,5,2,10,False,11,Low,2197,21,S1
1828203,HEAT EXCHANGER,3,1,6,False,3,Low,791,8,S1
UNKNOWN,TRANSMITTER,3,1,6,False,3,Low,7070,24,S4
UNKNOWN,GATE,3,1,6,False,5,Medium,16570,62,S8
UNKNOWN,FLOOR PANEL,5,2,10,False,121,Medium,18827,68,S3
141A541013,FLOORBEAM,3,1,6,False,1,Medium,6115,65,S7
141A125071,STRINGER CLIP,1,0,2,False,1,Medium,8230,32,S4
111A70011,STRUCTURE,1,0,2,False,1,Low,13762,18,S1
3989083,CONTROL VALVE,1,0,2,False,1,Low,1759,7,S2
UNKNOWN,TIRE,3,1,6,False,7,AOG-critical,96537,74,S4
142A7501U181,ANGLE,1,0,2,False,1,Medium,44708,38,S7
UNKNOWN,ACCESS DOOR,3,1,6,False,4,Medium,17420,34,S2
UNKNOWN,LATCH,5,2,10,False,15,Medium,2935,39,S3
UNKNOWN,TRANSFER SYS,1,0,2,False,1,Low,6247,34,S3
147A550611,BEAM,3,1,6,False,1,Medium,31137,48,S8
QA07670,PRESSURE SWITCH,1,0,2,False,1,Low,12466,21,S3
UNKNOWN,ANGLE,5,2,10,False,118,Low,9617,33,S4
22156281,DIFFUSER,1,0,2,False,1,Low,1373,13,S1
146A323150,SKIN,3,1,6,False,1,Medium,44462,61,S7
UNKNOWN,FAIRING,5,2,10,False,15,Low,39051,69,S7
147A5810136,FLOOR PANEL,3,1,6,False,1,Medium,36677,53,S3
182A53063,RIB,1,0,2,False,1,Low,2376,45,S6
144A33214,SKIN,1,0,2,False,1,Medium,45813,31,S5
UNKNOWN,TAIL CONE,3,1,6,False,7,Low,2414,33,S1
29533130064,FLOOR SUPPORT,1,0,2,False,1,Medium,45915,37,S3
146A8121,WEB,3,1,6,False,1,Medium,23830,69,S6
146A750511,INTERCOSTAL,3,1,6,False,1,Medium,11257,72,S8
UNKNOWN,CONNECTOR,5,2,10,False,14,Low,12602,44,S6
UNKNOWN,OXYGEN GEN,1,0,2,False,1,Low,7079,16,S5
UNKNOWN,CONTROL HANDLE,3,1,6,False,2,AOG-critical,67119,87,S5
654A10731073,ANGLE,1,0,2,False,1,Medium,33017,34,S8
AP2097H04,ACTUATOR,3,1,6,False,1,AOG-critical,12080,39,S6
148A61406,DOOR FRAME,3,1,6,False,1,Medium,47718,47,S2
UNKNOWN,SEAL PLATE,3,1,6,False,1,Low,13667,52,S5
146A812711,TRANSITION PANEL,1,0,2,False,1,Medium,31518,41,S4
UNKNOWN,STRUCTURE,5,2,10,False,11,Medium,12092,49,S4
UNKNOWN,ACCESS PANEL,5,2,10,False,51,Low,13855,22,S6
141A541017,FLOOR SUPPORT,3,1,6,False,1,Medium,11184,68,S1
143A8122,WEB,3,1,6,False,1,Medium,8082,48,S8
141A481039,WINDSHIELD,3,1,6,False,1,Low,9718,58,S5
UNKNOWN,SUPPORT BRACKET,5,2,10,False,14,Medium,16548,34,S8
143A75U1188,TRANSITION PANEL,3,1,6,False,1,Medium,46164,72,S2
UNKNOWN,PITOT TUBE,3,1,6,False,2,AOG-critical,22935,83,S2
146A9403142,INTERCOSTAL,3,1,6,False,1,Medium,47303,59,S6
0206155001,LIGHT,3,1,6,False,1,AOG-critical,1353,53,S7
147A54301,FLOOR SUPPORT,1,0,2,False,1,Medium,26271,41,S8
UNKNOWN,DOUBLER,5,2,10,False,15,Medium,24356,71,S8
UNKNOWN,BYPASS VALVE,1,0,2,False,1,Low,7754,16,S6
147A581027,FLOORBOARD,3,1,6,False,1,Medium,22628,58,S3
144A311118144A31,SKIN,3,1,6,False,2,Medium,16150,63,S1
761574B,IDG,3,1,6,False,2,Low,11140,49,S3
UNKNOWN,CONTROL LEVER,3,1,6,False,1,AOG-critical,19154,69,S6
UNKNOWN,WARNING MESSAGE,3,1,6,False,7,Low,3899,40,S6
UNKNOWN,THRESHOLD,3,1,6,False,6,Medium,16274,20,S3
UNKNOWN,SEAL,5,2,10,False,45,Medium,28594,40,S2
UNKNOWN,INDICATOR,5,2,10,False,11,Low,3282,16,S2
UNKNOWN,SKIN,5,2,10,False,211,Low,10612,11,S2
183A36005,COVER,3,1,6,False,2,Low,14619,51,S3
UNKNOWN,SUPPORT,5,2,10,False,44,Medium,3018,34,S6
UNKNOWN,ANGLE,5,2,10,False,118,Low,8032,40,S8
654A000134,STRUCTURE,1,0,2,False,1,Medium,43735,42,S3
141A3531,STRINGER,1,0,2,False,1,Medium,47333,40,S4
146A812814,STRAP,3,1,6,False,1,Medium,29211,56,S2
141A5410149,FLOOR SUPPORT,3,1,6,False,1,Medium,48446,54,S1
143A524036,FLOOR SUPPORT,1,0,2,False,1,Medium,38257,35,S6
64356101,LIFE RAFT,3,1,6,False,3,Medium,11646,41,S5
UNKNOWN,HEAT EXCHANGER,1,0,2,False,2,Low,5860,9,S1
113A2550603,WEDGE,3,1,6,False,1,Low,8548,58,S2
UNKNOWN,WINDSHIELD,1,0,2,False,2,Low,3044,33,S4
147A581028,FLOOR PANEL,1,0,2,False,1,Medium,26111,43,S8
1605642,OIL COOLER,1,0,2,False,1,Low,14446,11,S2
143A5310Y52,SEAT TRACK,3,1,6,False,2,Medium,16197,70,S1
UNKNOWN,WIRE,5,2,10,False,16,Medium,18104,43,S6
UNKNOWN,SIGHT GLASS,3,1,6,False,3,Medium,16925,38,S6
UNKNOWN,AILERON,3,1,6,False,1,AOG-critical,11902,22,S4
UNKNOWN,SEAL,5,2,10,False,45,Low,10301,56,S5
UNKNOWN,MODULE,3,1,6,False,6,AOG-critical,54718,69,S4
141A811220,FLOOR SUPPORT,3,1,6,False,1,Medium,6962,61,S7
147A85407,DOOR SILL,3,1,6,False,1,Medium,22031,68,S6
CN11591,CONNECTOR,1,0,2,False,1,Low,12815,23,S4
141A5410U150,FLOOR SUPPORT,3,1,6,False,2,Medium,32076,73,S3
141A81124,ANGLE,1,0,2,False,1,Medium,11055,39,S6
147A5685U11,FLOOR SUPPORT,1,0,2,False,1,Medium,7149,42,S3
UNKNOWN,PIN,3,1,6,False,9,Medium,6961,32,S4
UNKNOWN,CHECK VALVE,3,1,6,False,4,Low,11090,34,S6
UNKNOWN,SEAL,5,2,10,False,45,Medium,14629,39,S5
UNKNOWN,ELECTRICAL SYS,3,1,6,False,1,Low,7328,55,S2
UNKNOWN,LATCH,5,2,10,False,15,Medium,13484,40,S3
351A10101,APU,1,0,2,False,1,Low,4479,32,S3
UNKNOWN,FAIRING,5,2,10,False,15,Low,48145,65,S6
213A12023,CONTROL VALVE,1,0,2,False,1,Low,7600,10,S3
141A5810728,FLOORBOARD,1,0,2,False,1,Medium,10964,31,S7
146A315132146A32,SKIN,3,1,6,False,1,Medium,21365,51,S5
143A3252,SKIN,3,1,6,False,1,Medium,39628,50,S8
UNKNOWN,OVERHEAD PANEL,1,0,2,False,1,Medium,7283,24,S6
UNKNOWN,REGULATOR,1,0,2,False,1,Low,2699,7,S3
UNKNOWN,FASTENER,3,1,6,False,8,Low,39576,47,S4
820161000001,OVEN,3,1,6,False,4,Medium,3506,31,S4
183A36006,COVER,1,0,2,False,1,Low,12037,10,S2
UNKNOWN,WIRE HARNESS,3,1,6,False,2,Low,10833,56,S5
UNKNOWN,LINER,3,1,6,False,9,Medium,25017,62,S7
112A4102212,SKIN,1,0,2,False,1,Low,6652,40,S2
147A5676U6,FLOOR SUPPORT,3,1,6,False,1,Medium,49429,47,S8
UNKNOWN,BEAM,3,1,6,False,3,Low,10194,26,S7
UNKNOWN,WINGLET,1,0,2,False,1,Low,6330,39,S2
141A541016,FLOOR SUPPORT,1,0,2,False,2,Medium,41612,32,S5
1721651,ELEC CONNECTOR,3,1,6,False,1,AOG-critical,12865,79,S6
141A5810763,FLOOR PANEL,3,1,6,False,1,Medium,20841,52,S8
UNKNOWN,TRACK,3,1,6,False,6,Medium,49492,44,S6
A12SA,MEGAPHONE,1,0,2,False,2,Medium,8487,38,S4
UNKNOWN,ANGLE,5,2,10,False,118,Low,6837,24,S5
UNKNOWN,STIFFENER,3,1,6,False,5,Medium,49732,44,S6
143A750524,ANGLE,3,1,6,False,1,Medium,29797,68,S5
654A0004833,OVERHEAT SENSOR,1,0,2,False,1,Medium,15214,38,S3
147A55047,FLOORBEAM,3,1,6,False,1,Medium,15406,65,S4
147A8540U7,FLOOR SUPPORT,1,0,2,False,1,Medium,41050,32,S4
UNKNOWN,LAMP,5,2,10,False,67,Medium,1369,32,S5
HG2050BC04,ADIRU,3,1,6,False,1,AOG-critical,53931,57,S1
UNKNOWN,ESCAPE ROPE,1,0,2,False,1,Medium,8254,26,S5
147A571016,FLOOR SUPPORT,1,0,2,False,1,Medium,24998,34,S3
2020201,COMPENSATOR,3,1,6,False,7,Low,11860,40,S4
11074,ELEC CONNECTOR,3,1,6,False,1,AOG-critical,23033,88,S2
UNKNOWN,FUEL SYS,3,1,6,False,7,Low,8910,49,S5
147A581090,FLOORBOARD,3,1,6,False,1,Medium,30867,47,S4
141A5810454,FLOORBOARD,1,0,2,False,1,Medium,33788,31,S6
5718611,PUMP,1,0,2,False,1,Low,12422,28,S4
143A5310109,SEAT TRACK,3,1,6,False,1,Medium,28541,61,S3
111A11011,SPAR,1,0,2,False,1,Medium,9557,39,S7
UNKNOWN,DIAPHRAGM,1,0,2,False,2,Medium,16595,37,S4
147A8540,SUPPORT ANGLE,3,1,6,False,1,Medium,44981,67,S8
147A56003,FLOOR SUPPORT,1,0,2,False,1,Medium,14515,39,S1
111A13226,ATTACH ANGLE,3,1,6,False,1,Medium,23907,65,S5
UNKNOWN,SUPPORT,5,2,10,False,44,Low,30788,57,S2
UNKNOWN,SEAL,5,2,10,False,45,Medium,31167,37,S1
UNKNOWN,SPLICE STRAP,1,0,2,False,1,Medium,47608,39,S5
147A5810137,FLOOR PANEL,1,0,2,False,1,Medium,6556,36,S7
2024T306312,SKIN,1,0,2,False,1,Medium,27414,44,S4
UNKNOWN,HOOK AND LOOP,3,1,6,False,6,Medium,13612,37,S7
UNKNOWN,STAND OFF,1,0,2,False,2,Low,2013,25,S4
UNKNOWN,SEAL,5,2,10,False,45,Medium,13189,67,S2
202000205,PROBE,1,0,2,False,1,Low,13922,18,S6
147A5762013,INTERCOSTAL,1,0,2,False,1,Medium,6997,35,S4
UNKNOWN,BATTERY PACK,5,2,10,False,184,Medium,4466,22,S3
UNKNOWN,FLT CONTROLS,3,1,6,False,1,AOG-critical,6963,28,S3
141A1130,DOOR FRAME,3,1,6,False,1,Medium,7276,48,S5
UNKNOWN,ANGLE,5,2,10,False,118,Medium,36496,41,S2
143A948535,ANGLE,1,0,2,False,2,Medium,34564,42,S4
147A31103,SKIN,3,1,6,False,3,Medium,12855,73,S8
UNKNOWN,LINING PUCK,1,0,2,False,1,Medium,8748,37,S5
6937307300,CONTROL MODULE,1,0,2,False,1,Medium,13105,38,S5
UNKNOWN,PROBE,5,2,10,False,10,Low,6621,48,S6
UNKNOWN,LRU,1,0,2,False,1,Low,6321,12,S6
UNKNOWN,INTERCOSTAL,5,2,10,False,44,Medium,7616,62,S1
UNKNOWN,GUIDE PLATE,1,0,2,False,1,Medium,29856,33,S5
69203214,GUIDE ARM,3,1,6,False,1,Medium,29302,70,S5
H41469,HANDLE,1,0,2,False,1,Medium,44157,37,S5
182A5301U4,STIFFENER,3,1,6,False,1,Low,3055,53,S7
UNKNOWN,NOT REPORTED,3,1,6,False,3,Low,1466,33,S4
143A1113,FRAME,3,1,6,False,1,Medium,46886,60,S7
695517978,MODULE,3,1,6,False,2,AOG-critical,72217,58,S7
182A30013,RIB,1,0,2,False,1,Low,14515,21,S1
182A5305,RIB,3,1,6,False,1,Low,13405,52,S6
146A323123,SKIN,3,1,6,False,1,Medium,13249,56,S4
JMS2001107,DOOR LATCH,3,1,6,False,1,Medium,45562,58,S2
UNKNOWN,WARNING LIGHT,5,2,10,False,22,Low,478,30,S3
UNKNOWN,BULB,3,1,6,False,24,AOG-critical,71738,74,S8
141A83721,DEPRESSOR,1,0,2,False,1,Medium,35265,38,S3
UNKNOWN,WARNING LIGHT,5,2,10,False,22,AOG-critical,754,56,S7
UNKNOWN,SHEAR TIE,3,1,6,False,4,Medium,11927,39,S7
146A812325,DOOR SILL,3,1,6,False,1,Medium,16558,73,S4
141A11305,FRAME,3,1,6,False,1,Medium,13007,58,S6
147A8540,FLOOR SUPPORT,1,0,2,False,2,Medium,27685,40,S7
8020701,SENSOR,3,1,6,False,2,AOG-critical,6084,27,S4
UNKNOWN,ACCESS DOOR,3,1,6,False,4,Medium,15326,33,S1
UNKNOWN,TAB,3,1,6,False,3,Low,6120,31,S2
UNKNOWN,FITTING,5,2,10,False,28,Low,13038,17,S5
71784,BYPASS VALVE,3,1,6,False,1,AOG-critical,26377,78,S5
146A325132146A32,SKIN,3,1,6,False,1,Medium,31379,59,S7
UNKNOWN,STRIP,5,2,10,False,13,Medium,2907,44,S6
UNKNOWN,INDICATOR,5,2,10,False,11,AOG-critical,28241,50,S1
S67200218,ANTENNA,3,1,6,False,2,AOG-critical,77966,55,S8
066500070631,RECEIVER,3,1,6,False,2,AOG-critical,18870,75,S7
UNKNOWN,STOP FITTING,3,1,6,False,9,Medium,46940,69,S5
141A8831,WINDOW FRAME,3,1,6,False,2,Medium,9674,51,S7
JA3A40181,SLEEVE,1,0,2,False,1,Medium,2942,28,S6
147A55042,FLOORBEAM,3,1,6,False,1,Medium,10981,74,S2
UNKNOWN,ACCESS PANEL,5,2,10,False,51,Medium,26669,62,S3
213A3416,CHANNEL,3,1,6,False,1,Medium,38739,49,S7
UNKNOWN,SEAL,5,2,10,False,45,Low,7790,12,S2
UNKNOWN,COTTER PIN,1,0,2,False,1,Low,8252,25,S6
UNKNOWN,PLATE,5,2,10,False,47,Medium,43596,32,S5
UNKNOWN,SWITCH,5,2,10,False,11,Low,14804,27,S5
8220334004,TRANSCEIVER,3,1,6,False,1,AOG-critical,24355,46,S7
141A5410U140,INTERCOSTAL,3,1,6,False,1,Medium,36452,50,S2
UNKNOWN,INLET,3,1,6,False,3,Medium,14972,54,S5
UNKNOWN,PITOT HEAD,3,1,6,False,2,AOG-critical,22288,61,S6
7024091009,SIGN,3,1,6,False,1,AOG-critical,86583,51,S1
182A5304,RIB,3,1,6,False,1,Low,9612,47,S5
UNKNOWN,PLATE,5,2,10,False,47,Medium,34435,60,S7
8100044012,LIGHT,3,1,6,False,1,AOG-critical,1179,73,S5
UNKNOWN,ELEC CONNECTOR,5,2,10,False,41,AOG-critical,7620,20,S3
1030001001,INTERRUPTER,3,1,6,False,3,Low,5745,24,S6
143A11202,FRAME,3,1,6,False,1,Medium,13393,60,S3
141A57703,FLOOR SUPPORT,3,1,6,False,2,Medium,44548,53,S5
186A2000902,RIB,1,0,2,False,1,Low,12744,13,S4
143A32129,SKIN,3,1,6,False,3,Medium,35834,44,S6
UNKNOWN,FILTER,3,1,6,False,4,Low,7886,53,S7
UNKNOWN,CIRCUIT BREAKER,5,2,10,False,16,Low,9093,52,S8
UNKNOWN,CIRCUIT BREAKER,5,2,10,False,16,Low,3334,26,S5
UNKNOWN,FLOOR MAT,1,0,2,False,1,Medium,8473,31,S3
UNKNOWN,TEE FITTING,3,1,6,False,1,Medium,30195,52,S8
114A920123,SKIN,3,1,6,False,1,Low,13110,52,S2
UNKNOWN,ACCESS PANEL,5,2,10,False,51,Medium,13860,74,S5
1030001001,PUMP,1,0,2,False,1,Low,8869,42,S5
182A5301,RIB,1,0,2,False,1,Low,9723,33,S3
UNKNOWN,UNKNOWN,5,2,10,False,58,Medium,44928,68,S4
95850T0214FFN,HYDRAULIC LINE,1,0,2,False,1,Low,2476,17,S6
147A851059,WEB,1,0,2,False,1,Medium,10547,42,S8
UNKNOWN,LAP JOINT,1,0,2,False,1,Medium,13884,41,S3
BAC27DCT612,SENSOR,3,1,6,False,1,AOG-critical,13735,30,S4
UNKNOWN,TRIM PANEL,3,1,6,False,9,Medium,7767,35,S2
8223150101,PROCESSOR,3,1,6,False,1,AOG-critical,67990,46,S2
111A132210,ATTACH ANGLE,3,1,6,False,1,Medium,31537,63,S5
UNKNOWN,ACTUATOR,3,1,6,False,1,Medium,17473,67,S7
UNKNOWN,TAILPIPE,3,1,6,False,1,Low,8863,46,S4
26123111,TIRE,3,1,6,False,2,AOG-critical,46629,47,S3
UNKNOWN,FASTENER,3,1,6,False,8,Medium,12296,29,S4
147A5504,BEAM,3,1,6,False,1,Medium,5996,60,S5
20102060103,MODULE,3,1,6,False,1,AOG-critical,78765,85,S7
820111000012,OVEN,1,0,2,False,1,Medium,15574,36,S4
C23102443001,HINGE,3,1,6,False,1,Medium,31798,48,S7
143A324127,STRINGER,1,0,2,False,1,Medium,11868,45,S5
UNKNOWN,PROXIMITY SWITCH,1,0,2,False,1,Medium,11461,38,S5
112A4101212,SKIN,1,0,2,False,1,Low,14652,20,S7
143A750181,CHANNEL,3,1,6,False,1,Medium,47674,50,S1
32144464,BLEED VALVE,3,1,6,False,1,Low,9083,55,S2
146A82098,BRACKET,1,0,2,False,1,Medium,12241,38,S3
UNKNOWN,FILTER,3,1,6,False,4,Low,4845,52,S5
UNKNOWN,OIL COOLER,3,1,6,False,1,Low,9948,59,S7
111A13222,ANGLE,1,0,2,False,1,Medium,44982,30,S4
6225135202,DRIVE ASSY,3,1,6,False,1,AOG-critical,51966,86,S7
182A53054,RIB,3,1,6,False,2,Low,2400,56,S4
111A41023,SKIN,1,0,2,False,2,Medium,17731,43,S7
UNKNOWN,POWER SUPPLY,5,2,10,False,25,AOG-critical,6695,48,S7
UNKNOWN,FITTING,5,2,10,False,28,Medium,28577,61,S2
182A400115,SKIN,1,0,2,False,1,Low,6239,41,S8
ASP4560,PRESSURE SWITCH,3,1,6,False,5,Low,11999,28,S4
31674,WHEEL,3,1,6,False,1,AOG-critical,85314,74,S6
UNKNOWN,LENS,5,2,10,False,62,Medium,2544,33,S3
69765611,SPRING,1,0,2,False,1,Medium,40937,35,S6
UNKNOWN,TIE CLIP,3,1,6,False,4,Medium,24439,62,S6
BAC15181212,FLOORBEAM,1,0,2,False,1,Medium,12119,39,S4
141A5410U16,INTERCOSTAL,3,1,6,False,1,Medium,46951,51,S6
147A7501U17,TRANSITION PANEL,3,1,6,False,1,Medium,6060,70,S5
147A57123,WEB,1,0,2,False,1,Medium,49333,43,S7
6355C000102,TRIM MOTOR,3,1,6,False,1,AOG-critical,3139,31,S6
UNKNOWN,EXTINGUISHER,1,0,2,False,1,Medium,15713,30,S6
112A4102205,SKIN,1,0,2,False,1,Low,7099,14,S7
149A721616,SUPPORT ANGLE,3,1,6,False,1,Medium,26474,68,S1
UNKNOWN,WARNING LIGHT,5,2,10,False,22,Low,1306,8,S3
BR964411,COVER,3,1,6,False,1,AOG-critical,33388,85,S7
143A325229,SKIN,3,1,6,False,1,Medium,21251,59,S8
UNKNOWN,GLOWSTRIP,1,0,2,False,2,Medium,10382,30,S3
S67200219,ANTENNA,3,1,6,False,2,AOG-critical,64425,82,S4
D71701100,POWER SUPPLY,3,1,6,False,1,AOG-critical,5849,84,S2
UNKNOWN,TRANSMISSION,3,1,6,False,2,AOG-critical,12935,29,S6
147A850130,WEB,3,1,6,False,1,Medium,23259,72,S8
182A5302,RIB,3,1,6,False,3,Low,4728,47,S3
115A375018,PLATE,3,1,6,False,1,Low,2404,46,S4
141A541082,FLOOR SUPPORT,3,1,6,False,1,Medium,14185,48,S1
143A948537,RAIL,3,1,6,False,1,Medium,15024,56,S6
26078252,TIRE,3,1,6,False,1,AOG-critical,87118,60,S7
C20626200,TIRE,3,1,6,False,3,AOG-critical,26487,65,S3
UNKNOWN,SWITCH,5,2,10,False,11,Medium,6410,60,S1
UNKNOWN,FILTER,3,1,6,False,4,Low,4724,13,S1
5A3307701,FITTING,1,0,2,False,1,Medium,14157,42,S6
32145526,SHUTOFF VALVE,3,1,6,False,2,Low,10820,52,S2
BACB30PN5H5,BOLT,1,0,2,False,1,Low,7723,11,S7
UNKNOWN,SUPPORT,5,2,10,False,44,Low,14894,42,S3
146A61122,SKIN,3,1,6,False,1,Medium,34442,61,S7
147A85407,STRUCTURE,3,1,6,False,3,Medium,48766,66,S6
CFM567B,ENGINE,1,0,2,False,1,Low,7226,10,S7
162700100,COMPUTER,3,1,6,False,2,AOG-critical,15462,24,S6
UNKNOWN,MECHANISM,3,1,6,False,6,AOG-critical,6753,32,S6
182A5302,RIB,3,1,6,False,3,Low,13385,45,S7
143A3241,STRINGER,3,1,6,False,1,Medium,34242,70,S1
141A52202,TIE DOWN,3,1,6,False,3,Medium,34366,53,S4
141A83717,STUB FRAME,3,1,6,False,1,Medium,10102,52,S2
3839001011,VALVE,3,1,6,False,1,AOG-critical,17540,49,S5
UNKNOWN,OIL FILTER,1,0,2,False,1,Low,14417,13,S8
BAC1496377,TRANSITION PANEL,3,1,6,False,2,Medium,45440,66,S6
3250299010,WIRE HARNESS,1,0,2,False,1,Low,13853,13,S1
UNKNOWN,GUST LOCK,5,2,10,False,10,Medium,46622,68,S4
UNKNOWN,COMPRESSOR,3,1,6,False,3,Low,7153,32,S4
7024091008,SIGN,3,1,6,False,1,AOG-critical,92181,52,S7
143A6110,SKIN,3,1,6,False,1,Medium,9301,58,S2
UNKNOWN,TRIM MOTOR,3,1,6,False,1,AOG-critical,16726,28,S4
UNKNOWN,SHUTOFF VALVE,1,0,2,False,1,Low,1871,19,S6
BFS24,BATTERY,3,1,6,False,1,Low,4623,55,S4
UNKNOWN,DOOR FRAME,3,1,6,False,8,Medium,11336,59,S7
JA3A40181,STOP FITTING,1,0,2,False,1,Medium,3511,29,S6
90G97,PRESSURE SWITCH,3,1,6,False,1,AOG-critical,90465,56,S7
143A83314,SCUFF PLATE,3,1,6,False,1,Medium,46425,50,S2
144A24103,FRAME,3,1,6,False,1,Medium,24891,64,S6
143A324132,STRINGER,3,1,6,False,1,Medium,40142,61,S8
8020702,PROXIMITY SENSOR,3,1,6,False,1,AOG-critical,18598,39,S3
UNKNOWN,SCREW,3,1,6,False,9,Medium,32978,34,S6
143A7502154,ANEROID,1,0,2,False,1,Medium,40126,41,S2
UNKNOWN,HANDLE,5,2,10,False,67,AOG-critical,17343,69,S8
147A85407,DOOR FRAME,3,1,6,False,1,Medium,10771,67,S6
UNKNOWN,METERING VALVE,3,1,6,False,1,AOG-critical,67291,85,S1
143A550224,FLOORBEAM,1,0,2,False,1,Medium,19281,42,S6
UNKNOWN,DOME NUT,1,0,2,False,1,Medium,17060,33,S7
182A5306,RIB,1,0,2,False,1,Low,7979,26,S1
2020201,COMPENSATOR,3,1,6,False,7,Low,6106,28,S4
8100033802,LIGHT,3,1,6,False,2,AOG-critical,1025,70,S3
UNKNOWN,SENSOR,5,2,10,False,12,Medium,19391,46,S5
ASP4560,PRESSURE SWITCH,3,1,6,False,5,Low,4047,48,S5
143A11134,SUPPORT BRACKET,3,1,6,False,1,Medium,13341,72,S2
6225342101,AMPLIFIER,1,0,2,False,1,Low,3834,7,S1
115A62508,FITTING,3,1,6,False,1,Low,14390,49,S7
UNKNOWN,BUTTON,3,1,6,False,3,Medium,46818,64,S1
0851HT2,PITOT HEAD,3,1,6,False,1,AOG-critical,39158,67,S2
UNKNOWN,WARNING MESSAGE,3,1,6,False,7,Low,13228,41,S7
147A85408,FLOORBEAM,3,1,6,False,1,Medium,12661,70,S6
182A400116,SKIN,3,1,6,False,3,Low,6192,51,S3
UNKNOWN,ELECTRONIC UNIT,3,1,6,False,1,AOG-critical,9250,32,S3
UNKNOWN,ARM,3,1,6,False,1,Medium,14893,65,S5
UNKNOWN,PIN,3,1,6,False,9,AOG-critical,41673,47,S7
UNKNOWN,INDICATOR,5,2,10,False,11,Low,1978,39,S7
112A4102,SKIN,1,0,2,False,1,Low,8054,24,S3
WL767,LAMP,3,1,6,False,1,AOG-critical,149,80,S5
141A83717,PAN,1,0,2,False,1,Medium,12892,38,S1
UNKNOWN,WARNING LIGHT,5,2,10,False,22,Low,696,59,S1
UNKNOWN,ROD,3,1,6,False,4,Medium,2537,34,S4
TC29603,PROBE,1,0,2,False,1,Low,13236,37,S6
UNKNOWN,DOOR SILL,3,1,6,False,5,Medium,45223,73,S8
UNKNOWN,BLEED AIR SYS,3,1,6,False,4,Low,2954,57,S4
114A920150,SKIN,1,0,2,False,1,Low,14828,26,S3
111A13087,STIFFENER,3,1,6,False,1,Medium,30773,49,S5
114A814614,FLOORBEAM,3,1,6,False,1,Medium,9384,73,S5
143A61122,SKIN,1,0,2,False,1,Medium,26998,33,S3
UNKNOWN,BRAKE ASSY,3,1,6,False,1,AOG-critical,84373,85,S8
141A80213,SKIN,1,0,2,False,1,Low,12086,38,S7
8100043912,LIGHT,3,1,6,False,2,AOG-critical,1422,65,S1
189929,PROXIMITY SENSOR,3,1,6,False,3,Medium,30247,61,S2
143A54036SD,FLOORBEAM,3,1,6,False,1,Medium,16549,63,S4
115A251229,PANEL,1,0,2,False,1,Low,8889,18,S3
UNKNOWN,PLATE,5,2,10,False,47,Medium,16867,67,S3
UNKNOWN,BEARING,3,1,6,False,5,Medium,11707,63,S6
182A53014,RIB,3,1,6,False,1,Low,11840,54,S7
654A00041032,CARGO TRACK,3,1,6,False,1,Medium,20143,59,S1
147A5504,FITTING,3,1,6,False,2,Medium,20358,46,S1
217401,BRAKE ASSY,3,1,6,False,1,AOG-critical,99007,86,S1
UNKNOWN,ROLLER,3,1,6,False,6,Medium,37533,44,S4
69765541,LINK,1,0,2,False,1,Medium,17848,45,S6
141A5410140,INTERCOSTAL,3,1,6,False,1,Medium,49591,54,S8
285A16005,PSEU,3,1,6,False,1,AOG-critical,18187,49,S4
147A5710U2,ANGLE,3,1,6,False,1,Medium,32679,72,S5
141A5410013,FLOOR SUPPORT,3,1,6,False,1,Medium,27492,60,S6
182A5401,RIB,1,0,2,False,1,Low,14650,34,S5
UNKNOWN,ADAPTER,1,0,2,False,1,Medium,13370,36,S6
146A315184,SKIN,3,1,6,False,1,Medium,25351,48,S6
UNKNOWN,VAPOR BARRIER,5,2,10,False,45,Medium,20016,41,S8
32902061,CONTROL VALVE,1,0,2,False,1,Low,852,12,S3
146A3101,SKIN,1,0,2,False,1,Medium,15143,42,S8
UNKNOWN,DOOR,5,2,10,False,186,Medium,48871,49,S5
111A24012,FITTING,5,2,10,False,19,Medium,35998,36,S5
UNKNOWN,RESERVOIR,1,0,2,False,1,Low,3028,23,S6
146A750231,CHANNEL,1,0,2,False,1,Medium,37008,32,S1
1L500105183,THRESHOLD,1,0,2,False,1,Medium,47660,44,S7
38HM97,SWITCH,1,0,2,False,1,Medium,43426,30,S3
149A761116,WEB,3,1,6,False,1,Medium,20661,47,S1
111A11511,SPAR,3,1,6,False,1,Medium,5065,46,S8
2024T3,SKIN,3,1,6,False,2,Medium,26815,74,S1
P199753,AIR FILTER,1,0,2,False,1,Low,613,11,S2
UNKNOWN,DOOR,5,2,10,False,186,Medium,24747,35,S2
UNKNOWN,TRIM PANEL,3,1,6,False,9,Medium,3487,44,S4
147A55067,FLOORBEAM,1,0,2,False,1,Medium,8094,38,S1
CFM567B27E,ENGINE,1,0,2,False,1,Low,5226,10,S1
UNKNOWN,INLET,3,1,6,False,3,Medium,30379,57,S1
UNKNOWN,WARNING LIGHT,5,2,10,False,22,Low,354,38,S6
143A750312,BAFFLE,3,1,6,False,1,Medium,25434,60,S1
141A15052,WEB,3,1,6,False,1,Medium,20519,72,S5
UNKNOWN,NUT,3,1,6,False,5,Medium,46588,62,S7
UNKNOWN,BUSHING,5,2,10,False,31,Low,11883,13,S5
143A321220,SKIN PANEL,3,1,6,False,3,Medium,14723,39,S2
143A948534,RAIL,1,0,2,False,2,Medium,18307,38,S8
149A7214Y19,ATTACH ANGLE,1,0,2,False,1,Medium,11688,39,S8
111A11111,PRESSURE WEB,3,1,6,False,1,Medium,46077,63,S5
143A750312,FLOOR SUPPORT,3,1,6,False,1,Medium,40072,69,S4
UNKNOWN,RIB,5,2,10,False,23,Low,14351,55,S5
149A72419,ACCESS DOOR,3,1,6,False,1,Medium,26150,67,S5
UNKNOWN,SUPPORT FITTING,3,1,6,False,4,Low,41262,38,S5
UNKNOWN,CONNECTOR,5,2,10,False,14,Low,6133,19,S6
6355C000102,TRIM SYSTEM,3,1,6,False,1,AOG-critical,19228,32,S4
UNKNOWN,PLATE,5,2,10,False,47,Medium,47393,51,S6
4082499902,COMPUTER,1,0,2,False,1,Low,7007,11,S3
23404041,CONDENSER,1,0,2,False,1,Low,6701,9,S2
UNKNOWN,KEELBEAM,1,0,2,False,1,Medium,44668,36,S6
111A24011,FITTING,5,2,10,False,18,Medium,12757,42,S6
UNKNOWN,LATCH,5,2,10,False,15,Medium,5285,29,S6
146A832212,INTERCOSTAL,3,1,6,False,1,Medium,7852,57,S3
141A83154,STRUCTURE,3,1,6,False,1,Medium,9925,63,S8
111A1308U15,STIFFENER,3,1,6,False,1,Medium,46538,72,S3
UNKNOWN,WARNING MESSAGE,3,1,6,False,7,Medium,28164,53,S2
141A550519,FLOORBEAM,3,1,6,False,1,Medium,13201,60,S7
143A94815,GUSSET,3,1,6,False,1,Medium,15508,60,S4
182A40011,SKIN,3,1,6,False,1,Low,3748,50,S6
143A324143,STRINGER,3,1,6,False,1,Medium,14815,57,S6
UNKNOWN,INDICATOR,5,2,10,False,11,Medium,9528,41,S4
146A750231,FLOOR SUPPORT,3,1,6,False,1,Medium,9180,51,S6
BAC153433C,SHIM,1,0,2,False,1,Low,35678,32,S1
BR63512024,WIRE HARNESS,3,1,6,False,1,AOG-critical,57094,77,S3
887477,PUMP,1,0,2,False,2,Low,1366,40,S6
141A540U147,FLOOR SUPPORT,3,1,6,False,1,Medium,37089,72,S6
654A0000358,WEB,3,1,6,False,1,Medium,45413,68,S3
146A31319146A310,SKIN,1,0,2,False,1,Medium,49825,43,S6
1074847,VALVE,3,1,6,False,1,Low,2441,50,S5
4082499902,FCU,1,0,2,False,1,Low,817,12,S1
143A8122,DOOR SILL,1,0,2,False,1,Medium,36262,36,S6
UNKNOWN,ANGLE,5,2,10,False,118,Medium,18978,40,S1
186A140120,RIB,1,0,2,False,1,Low,3020,30,S2
143A121556,FRAME,3,1,6,False,1,Medium,27584,62,S5
146A31319146A315,SKIN,3,1,6,False,3,Medium,30827,53,S6
ADD71701200,BATTERY PACK,3,1,6,False,1,AOG-critical,4626,80,S2
143A812629,WINDOW FRAME,3,1,6,False,1,Medium,18153,56,S4
143A321220141A35,SKIN,3,1,6,False,1,Medium,46094,70,S6
141A352118,SKIN PANEL,1,0,2,False,2,Medium,21990,44,S3
143A78116,STRINGER,1,0,2,False,1,Medium,5285,39,S6
146A310114,SKIN PANEL,3,1,6,False,2,Medium,8955,51,S3
115A62505,RIB,3,1,6,False,1,Low,1484,51,S7
5320DL14858289,FLOOR PANEL,1,0,2,False,1,Medium,16344,42,S4
143A7501,ANGLE,3,1,6,False,2,Medium,21455,72,S8
313A211412KT,SKIN,3,1,6,False,1,Low,26559,49,S6
144A73177,INTERCOSTAL,3,1,6,False,1,Medium,9233,53,S3
QA07995,PRESSURE SWITCH,3,1,6,False,1,Low,4399,51,S1
146A512553,ANGLE,3,1,6,False,1,Medium,39219,54,S6
146A7502,SUPPORT,1,0,2,False,1,Medium,15901,36,S6
71404,METERING VALVE,3,1,6,False,1,AOG-critical,56439,77,S4
UNKNOWN,BRACKET,5,2,10,False,42,Medium,39669,59,S1
9250071,LAMP,3,1,6,False,1,AOG-critical,474,46,S1
UNKNOWN,O2 GENERATOR,1,0,2,False,1,Low,4360,20,S5
11A24011,FITTING,3,1,6,False,1,Medium,10416,72,S7
146A5810466,FLOOR PANEL,3,1,6,False,2,Medium,42781,56,S1
UNKNOWN,SPRING,3,1,6,False,8,Medium,18568,21,S3
116A44125,SKIN,1,0,2,False,1,Low,11803,22,S3
UNKNOWN,ELEC CONNECTOR,5,2,10,False,41,Low,1378,10,S3
UNKNOWN,LANYARD,1,0,2,False,1,Medium,13346,43,S5
141A353431,STRINGER CLIP,3,1,6,False,1,Medium,24427,52,S8
112A4102206,SKIN,1,0,2,False,1,Low,13414,29,S3
141A5400150,FLOOR SUPPORT,1,0,2,False,1,Medium,43138,39,S2
UNKNOWN,ATTACH ANGLE,5,2,10,False,52,Low,10652,14,S5
148A33111148A382,SKIN,1,0,2,False,1,Medium,31330,36,S2
UNKNOWN,SNUBBER,3,1,6,False,4,Medium,48996,70,S4
147131104,SKIN PANEL,3,1,6,False,1,Medium,29181,51,S8
141A5410U3,FLOOR SUPPORT,3,1,6,False,1,Medium,12076,69,S7
UNKNOWN,CONTROL UNIT,3,1,6,False,1,Low,10417,54,S3
141A818029,SUPPORT FITTING,3,1,6,False,1,Medium,10193,49,S1
147A85407,STRUCTURE,3,1,6,False,3,Medium,23132,44,S5
UNKNOWN,BUSHING,5,2,10,False,31,Low,11831,20,S2
149A721416,ACCESS PANEL,3,1,6,False,1,Medium,33220,48,S3
DMC5017,ANTENNA,1,0,2,False,1,Low,1729,7,S3
146A313110,SKIN PANEL,1,0,2,False,2,Medium,35807,39,S2
1L46003859GT,DOOR,3,1,6,False,1,Medium,29185,48,S3
654A0004500,CARGO TRACK,3,1,6,False,1,Medium,40269,71,S6
UNKNOWN,UNKNOWN,5,2,10,False,58,Medium,7750,39,S3
ADS71701100,BATTERY PACK,3,1,6,False,1,AOG-critical,4293,73,S1
22156284,DIFFUSER,1,0,2,False,1,Low,6137,9,S3
147A85408,INTERCOSTAL,3,1,6,False,1,Medium,20801,53,S6
UNKNOWN,STIFFENER,3,1,6,False,5,Low,1096,52,S6
148A83103,SUPPORT ANGLE,1,0,2,False,1,Low,9118,43,S3
ASP4560,PRESSURE SWITCH,3,1,6,False,5,Low,6325,25,S3
146A3201,SKIN,3,1,6,False,1,Medium,47283,72,S8
HG2050AC11,ADIRU,3,1,6,False,3,AOG-critical,72555,59,S5
144A311118,SKIN PANEL,3,1,6,False,1,Medium,6756,74,S8
142A325229,SKIN PANEL,3,1,6,False,1,Medium,8197,64,S4
143A78115,STRINGER,3,1,6,False,1,Medium,9270,49,S2
UNKNOWN,ATTACH BRACKET,1,0,2,False,2,Medium,6666,33,S1
147A61374,HOUSING,3,1,6,False,1,Medium,16780,66,S4
143A75052U158,ANGLE,3,1,6,False,1,Medium,32259,47,S6
148A33111148A332,SKIN PANEL,1,0,2,False,1,Medium,6816,36,S5
UNKNOWN,A/C PACK,3,1,6,False,9,Low,2013,8,S3
141A57504,FLOOR SUPPORT,3,1,6,False,1,Medium,26308,55,S3
UNKNOWN,BRACKET,5,2,10,False,42,Low,6922,43,S3
UNKNOWN,CIRCUIT BREAKER,5,2,10,False,16,Low,14175,16,S1
32144464,REGULATOR VALVE,1,0,2,False,1,Low,2777,38,S2
UNKNOWN,ENGINE,5,2,10,False,29,Low,10876,52,S7
UNKNOWN,VENT LINE,3,1,6,False,1,Low,7472,48,S5
147A85407,INTERCOSTAL,3,1,6,False,1,Medium,32459,54,S6
1067806160,POWER PORT,1,0,2,False,1,Low,2310,23,S2
UNKNOWN,UNKNOWN,5,2,10,False,58,Low,5815,51,S7
UNKNOWN,STABILIZER,1,0,2,False,1,Low,1460,44,S1
182A53013,RIB,1,0,2,False,1,Low,12164,15,S2
143A5240U12,PLATE,1,0,2,False,1,Medium,34493,32,S6
UNKNOWN,DUCT,3,1,6,False,4,Low,5235,20,S2
UNKNOWN,SPRING,3,1,6,False,8,AOG-critical,3335,33,S4
4082499903,CONTROL UNIT,1,0,2,False,1,Low,6943,7,S2
143A751U187,TRANSITION PANEL,1,0,2,False,1,Medium,43426,41,S6
1012857301BHW,HOUSING,3,1,6,False,1,AOG-critical,88197,69,S5
UNKNOWN,BRACKET,5,2,10,False,42,Medium,8730,65,S2
UNKNOWN,OVERRIDE SWITCH,3,1,6,False,1,AOG-critical,38117,89,S7
4082260939,CONTROL PANEL,1,0,2,False,1,Low,5611,11,S3
144A771259,STIFFENER,1,0,2,False,1,Medium,30275,39,S1
3989083,SHUTOFF VALVE,1,0,2,False,1,Low,3514,11,S1
181A801112148A38,SKIN,3,1,6,False,1,Medium,10334,57,S8
BR964422,LENS,3,1,6,False,1,AOG-critical,80438,87,S5
113A93602,FITTING,3,1,6,False,1,Low,12428,46,S5
90195002,CONTROL PANEL,1,0,2,False,1,Medium,3892,42,S3
UNKNOWN,MODULE,3,1,6,False,6,Low,2807,8,S1
143A6112Y2,SKIN,1,0,2,False,1,Medium,22268,33,S5
UNKNOWN,STRUCTURE,5,2,10,False,11,Low,8130,30,S3
585231130004,SKIN,3,1,6,False,1,Medium,31409,58,S4
141A51331,PRESSURE DECK,3,1,6,False,1,Medium,24404,59,S6
143A751032,BAFFLE,3,1,6,False,1,Medium,40231,52,S7
1721651,CONNECTOR,3,1,6,False,1,AOG-critical,89014,51,S5
143A7501188,CHANNEL,3,1,6,False,1,Medium,7777,70,S1
147A31101146A313,SKIN,3,1,6,False,1,Medium,23987,74,S2
SG81911,LIGHT,3,1,6,False,1,AOG-critical,150,66,S3
ADD17101100,BATTERY PACK,3,1,6,False,1,AOG-critical,650,53,S8
115A62507,RIB,1,0,2,False,1,Low,5894,31,S6
144A33213,SKIN,3,1,6,False,1,Medium,11975,74,S2
UNKNOWN,ANGLE,5,2,10,False,118,Medium,15697,45,S5
143A7501187,CHANNEL,1,0,2,False,2,Medium,21441,37,S3
143A9485Y23,SUPPORT ANGLE,3,1,6,False,1,Medium,45774,48,S5
632921461,PRECOOLER,1,0,2,False,1,Low,4985,29,S7
UNKNOWN,BLOCK,1,0,2,False,2,Medium,11881,25,S3
146A3251,SKIN PANEL,3,1,6,False,1,Medium,21578,58,S7
143A948537,ANGLE,3,1,6,False,1,Medium,27601,46,S4
141A541014,FLOOR SUPPORT,3,1,6,False,2,Medium,18174,48,S5
115A275214,ACCESS PANEL,1,0,2,False,1,Low,8563,20,S2
182A54054,RIB,1,0,2,False,1,Low,5326,41,S7
UNKNOWN,RECEPTACLE,1,0,2,False,1,Medium,42988,39,S6
UNKNOWN,IDG,1,0,2,False,1,Low,3728,14,S3
149A591327,CUSP WEB,3,1,6,False,1,Medium,39832,50,S4
146A74112146A740,DOUBLER,1,0,2,False,1,Medium,27367,42,S1
143A324139,STRINGER,1,0,2,False,1,Medium,42622,38,S8
143A323228143A32,SKIN,1,0,2,False,1,Medium,33458,35,S4
147A33001,SKIN,3,1,6,False,1,Medium,5022,69,S2
ADD71701100,BATTERY,3,1,6,False,1,AOG-critical,1130,49,S6
UNKNOWN,GUIDE FITTING,1,0,2,False,1,Medium,29041,35,S7
UNKNOWN,BUSHING,5,2,10,False,31,Medium,42243,59,S5
143A7502158,BAFFLE,3,1,6,False,1,Medium,7218,55,S7
UNKNOWN,STRUT,3,1,6,False,2,AOG-critical,44410,68,S4
144A261917,STRINGER,1,0,2,False,1,Medium,48795,39,S5
CA01962B,FILTER,3,1,6,False,1,Low,3638,59,S8
UNKNOWN,SHEAR TIE,3,1,6,False,4,Low,2287,17,S6
65C374632PO,INLET DOOR,3,1,6,False,1,Low,4301,47,S8
143A9485Y35,CARGO TRACK,1,0,2,False,1,Medium,20664,31,S4
141A53154,DOOR FRAME,3,1,6,False,1,Medium,31537,46,S7
146A310114146A31,SKIN,3,1,6,False,1,Medium,24480,47,S4
115A62506,RIB,1,0,2,False,1,Low,13424,12,S6
UNKNOWN,SKIN PANEL,3,1,6,False,8,Medium,32009,60,S5
141A8800,WINDOW FRAME,1,0,2,False,1,Medium,45460,39,S3
5A3307701,GIRT BAR,3,1,6,False,5,Medium,13830,27,S5
143A3252,SKIN PANEL,3,1,6,False,1,Medium,31153,70,S6
146A9403181,BRACKET,1,0,2,False,1,Medium,10308,44,S3
143A9405212,FLOORBEAM,3,1,6,False,1,Medium,14531,59,S7
141A884110,WINDOW FRAME,1,0,2,False,1,Medium,41534,40,S3
UNKNOWN,SUPPORT BRACKET,5,2,10,False,14,Medium,5327,30,S5
UNKNOWN,FITTING,5,2,10,False,28,Low,45061,56,S6
147A7502159,BAFFLE,3,1,6,False,1,Medium,35111,47,S1
UNKNOWN,LIGHT,5,2,10,False,183,AOG-critical,279,67,S3
1FA011342,BYPASS VALVE,3,1,6,False,1,AOG-critical,66106,50,S7
UNKNOWN,BUTTON,3,1,6,False,3,Medium,17522,27,S5
115A21567,ANGLE,1,0,2,False,1,Low,12478,39,S5
28B5459,APU,1,0,2,False,1,Low,4695,38,S5
149A721415,ACCESS PANEL,3,1,6,False,1,Medium,5203,52,S4
141A5120,PRESSURE DECK,3,1,6,False,1,Medium,37458,69,S6
6493930180,O-RING,1,0,2,False,1,Low,13984,13,S5
143A7501172,CARGO TRACK,1,0,2,False,1,Medium,41677,33,S2
143A5240U31,FLOOR SUPPORT,3,1,6,False,1,Medium,7084,54,S5
143A7502154,BAFFLE,3,1,6,False,1,Medium,16682,59,S5
143A7505,CHANNEL,3,1,6,False,1,Medium,27940,63,S6
UNKNOWN,ELEVATOR,1,0,2,False,1,Low,12248,15,S5
UNKNOWN,LOCK,5,2,10,False,18,Low,5274,33,S7
UNKNOWN,DOUBLER,5,2,10,False,15,Medium,31073,67,S5
UNKNOWN,ACCESS PANEL,5,2,10,False,51,Medium,17824,48,S6
116A4411U2,SKIN,3,1,6,False,1,Low,14429,67,S1
UNKNOWN,ELEC CONNECTOR,5,2,10,False,41,Low,11407,20,S4
UNKNOWN,BONDING JUMPER,3,1,6,False,1,Low,13659,51,S6
143A531051,SEAT TRACK,1,0,2,False,1,Medium,21883,30,S2
149A72149,FRAME,3,1,6,False,1,Medium,27426,63,S4
146A3201146A3231,SKIN,3,1,6,False,1,Medium,47380,51,S5
UNKNOWN,BRACKET,3,1,6,False,42,AOG-critical,90327,52,S6
ADD71901100,BATTERY PACK,3,1,6,False,1,AOG-critical,4888,89,S1
AMC02DA03R,CONNECTOR,3,1,6,False,1,AOG-critical,81662,55,S6
148A3820181A8011,SKIN,3,1,6,False,1,Medium,46205,59,S1
143A311,SKIN PANEL,1,0,2,False,1,Medium,19094,36,S1
8200048402.0,SIGN,3,1,6,False,1,AOG-critical,56636,53,S2
UNKNOWN,ENGINE,5,2,10,False,29,Low,11044,45,S2
113A370025,FLAP,1,0,2,False,1,Low,14620,18,S1
141A61508,DOOR,3,1,6,False,1,Medium,5855,68,S2
A42006692302,SOLENOID,1,0,2,False,2,Medium,36158,35,S4
